estimate,application,quantity,width,height,gusset,substrate,finish,seal_type,zipper,actual_price,calc_price,error_pct,direction,hp_total,thermo_total,poucher_total,packing_total,total_cost,labels_per_cycle,gear_teeth
4956,Master Pricing Grid (L) / Core / 4.5W x 5H x 2D / 1148 / MET,5000,4.5,5.0,2.0,MET PET,Matte,Stand Up Pouch,CR Zipper,0.25752,0.21027,18.35,UNDER,309.57,68.48,604.0,69.28,1051.33,8,288
4956,Master Pricing Grid (L) / Core / 4.5W x 5H x 2D / 1148 / MET,10000,4.5,5.0,2.0,MET PET,Matte,Stand Up Pouch,CR Zipper,0.20776,0.17302,16.72,UNDER,576.35,132.02,883.28,138.56,1730.22,8,288
4956,Master Pricing Grid (L) / Core / 4.5W x 5H x 2D / 1148 / MET,25000,4.5,5.0,2.0,MET PET,Matte,Stand Up Pouch,CR Zipper,0.17686,0.15056,14.87,UNDER,1377.54,330.11,1710.01,346.4,3764.05,8,288
4956,Master Pricing Grid (L) / Core / 4.5W x 5H x 2D / 1148 / MET,50000,4.5,5.0,2.0,MET PET,Matte,Stand Up Pouch,CR Zipper,0.16098,0.14461,10.17,UNDER,2712.29,660.11,3165.49,692.8,7230.7,8,288
4956,Master Pricing Grid (L) / Core / 4.5W x 5H x 2D / 1148 / MET,100000,4.5,5.0,2.0,MET PET,Matte,Stand Up Pouch,CR Zipper,0.1499,0.14151,5.6,UNDER,5382.21,1320.23,6063.18,1385.6,14151.22,8,288
4956,Master Pricing Grid (L) / Core / 4.5W x 5H x 2D / 1148 / MET,250000,4.5,5.0,2.0,MET PET,Matte,Stand Up Pouch,CR Zipper,0.14529,0.13954,3.96,UNDER,13391.99,3300.57,14728.77,3464.0,34885.32,8,288
6479,Master Pricing Grid (L) / Sampler / 3.5Wx4.5H / 1164 / MET P,5000,3.5,4.5,0,MET PET,Gloss,3 Side Seal,CR Zipper,0.20449,0.17329,15.26,UNDER,251.62,48.77,496.8,69.28,866.46,10,280
6479,Master Pricing Grid (L) / Sampler / 3.5Wx4.5H / 1164 / MET P,10000,3.5,4.5,0,MET PET,Gloss,3 Side Seal,CR Zipper,0.15991,0.14115,11.73,UNDER,460.76,97.53,714.62,138.56,1411.48,10,280
6479,Master Pricing Grid (L) / Sampler / 3.5Wx4.5H / 1164 / MET P,25000,3.5,4.5,0,MET PET,Gloss,3 Side Seal,CR Zipper,0.13236,0.12107,8.53,UNDER,1088.19,234.45,1357.74,346.4,3026.78,10,280
6479,Master Pricing Grid (L) / Sampler / 3.5Wx4.5H / 1164 / MET P,50000,3.5,4.5,0,MET PET,Gloss,3 Side Seal,CR Zipper,0.11874,0.11571,2.55,UNDER,2133.9,468.89,2489.98,692.8,5785.58,10,280
6479,Master Pricing Grid (L) / Sampler / 3.5Wx4.5H / 1164 / MET P,100000,3.5,4.5,0,MET PET,Gloss,3 Side Seal,CR Zipper,0.10952,0.11292,3.11,OVER,4225.33,937.78,4743.76,1385.6,11292.47,10,280
6479,Master Pricing Grid (L) / Sampler / 3.5Wx4.5H / 1164 / MET P,250000,3.5,4.5,0,MET PET,Gloss,3 Side Seal,CR Zipper,0.10555,0.11117,5.32,OVER,10499.61,2344.46,11483.67,3464.0,27791.74,10,280
6245,Vertpack Flower Bags Flex Pack 3 Side Bottom Fill 3.5W X 4.3,25000,3.5,4.3,0,MET PET,Soft Touch,3 Side Seal,CR Zipper,0.12827,0.12918,0.71,OVER,1088.19,457.1,1337.74,346.4,3229.43,10,280
6245,Vertpack Flower Bags Flex Pack 3 Side Bottom Fill 3.5W X 4.3,50000,3.5,4.3,0,MET PET,Soft Touch,3 Side Seal,CR Zipper,0.11784,0.12422,5.41,OVER,2133.9,914.2,2469.98,692.8,6210.88,10,280
6245,Vertpack Flower Bags Flex Pack 3 Side Bottom Fill 3.5W X 4.3,60000,3.5,4.3,0,MET PET,Soft Touch,3 Side Seal,CR Zipper,0.11705,0.12343,5.45,OVER,2552.19,1097.03,2925.13,831.36,7405.71,10,280
6245,Vertpack Flower Bags Flex Pack 3 Side Bottom Fill 3.5W X 4.3,75000,3.5,4.3,0,MET PET,Soft Touch,3 Side Seal,CR Zipper,0.11628,0.12264,5.47,OVER,3179.62,1371.29,3607.85,1039.2,9197.96,10,280
6245,Vertpack Flower Bags Flex Pack 3 Side Bottom Fill 3.5W X 4.3,100000,3.5,4.3,0,MET PET,Soft Touch,3 Side Seal,CR Zipper,0.11152,0.12163,9.07,OVER,4225.33,1828.39,4723.76,1385.6,12163.08,10,280
6245,Vertpack Flower Bags Flex Pack 3 Side Bottom Fill 3.5W X 4.3,150000,3.5,4.3,0,MET PET,Soft Touch,3 Side Seal,CR Zipper,0.11071,0.12084,9.15,OVER,6316.76,2742.59,6988.61,2078.4,18126.35,10,280
6240,Trulieve Clear ALOX RFP Cost Only,10000,5.5,4.75,2.0,ALOX PET,Soft Touch,Stand Up Pouch,CR Zipper,0.22503,0.21436,4.74,UNDER,750.78,287.49,966.72,138.56,2143.55,6,264
6240,Trulieve Clear ALOX RFP Cost Only,20000,5.5,4.75,2.0,ALOX PET,Soft Touch,Stand Up Pouch,CR Zipper,0.20892,0.19975,4.39,UNDER,1457.63,574.81,1685.38,277.12,3994.93,6,264
6240,Trulieve Clear ALOX RFP Cost Only,25000,5.5,4.75,2.0,ALOX PET,Soft Touch,Stand Up Pouch,CR Zipper,0.19747,0.19682,0.33,UNDER,1811.05,718.47,2044.7,346.4,4920.62,6,264
6240,Trulieve Clear ALOX RFP Cost Only,50000,5.5,4.75,2.0,ALOX PET,Soft Touch,Stand Up Pouch,CR Zipper,0.19072,0.19063,0.05,UNDER,3578.18,1436.76,3823.95,692.8,9531.69,6,264
6240,Trulieve Clear ALOX RFP Cost Only,75000,5.5,4.75,2.0,ALOX PET,Soft Touch,Stand Up Pouch,CR Zipper,0.18237,0.18833,3.27,OVER,5344.88,2154.89,5585.66,1039.2,14124.64,6,264
6240,Trulieve Clear ALOX RFP Cost Only,100000,5.5,4.75,2.0,ALOX PET,Soft Touch,Stand Up Pouch,CR Zipper,0.18138,0.18737,3.3,OVER,7112.42,2873.35,7365.61,1385.6,18736.98,6,264
4954,Master Pricing Grid (L) / Core / 4.5W x 5H x 2D / 1148 / MET,5000,4.5,5.0,2.0,MET PET,Gloss,Stand Up Pouch,CR Zipper,0.25295,0.20912,17.33,UNDER,309.57,62.75,604.0,69.28,1045.6,8,288
4954,Master Pricing Grid (L) / Core / 4.5W x 5H x 2D / 1148 / MET,10000,4.5,5.0,2.0,MET PET,Gloss,Stand Up Pouch,CR Zipper,0.20356,0.17188,15.56,UNDER,576.35,120.57,883.28,138.56,1718.77,8,288
4954,Master Pricing Grid (L) / Core / 4.5W x 5H x 2D / 1148 / MET,25000,4.5,5.0,2.0,MET PET,Gloss,Stand Up Pouch,CR Zipper,0.17289,0.14942,13.58,UNDER,1377.54,301.48,1710.01,346.4,3735.42,8,288
4954,Master Pricing Grid (L) / Core / 4.5W x 5H x 2D / 1148 / MET,50000,4.5,5.0,2.0,MET PET,Gloss,Stand Up Pouch,CR Zipper,0.15709,0.14347,8.67,UNDER,2712.29,602.86,3165.49,692.8,7173.44,8,288
4954,Master Pricing Grid (L) / Core / 4.5W x 5H x 2D / 1148 / MET,100000,4.5,5.0,2.0,MET PET,Gloss,Stand Up Pouch,CR Zipper,0.14607,0.14037,3.9,UNDER,5382.21,1205.72,6063.18,1385.6,14036.72,8,288
4954,Master Pricing Grid (L) / Core / 4.5W x 5H x 2D / 1148 / MET,250000,4.5,5.0,2.0,MET PET,Gloss,Stand Up Pouch,CR Zipper,0.1415,0.1384,2.19,UNDER,13391.99,3014.3,14728.77,3464.0,34599.06,8,288
4957,Master Pricing Grid (H) / Core / 4.5W x 5H x 2D / 1148 / MET,5000,4.5,5.0,2.0,MET PET,Soft Touch,3 Side Seal,CR Zipper,0.2336,0.21489,8.01,UNDER,309.57,120.05,575.54,69.28,1074.44,8,288
4957,Master Pricing Grid (H) / Core / 4.5W x 5H x 2D / 1148 / MET,10000,4.5,5.0,2.0,MET PET,Soft Touch,3 Side Seal,CR Zipper,0.2,0.18066,9.67,UNDER,576.35,235.08,856.58,138.56,1806.57,8,288
4957,Master Pricing Grid (H) / Core / 4.5W x 5H x 2D / 1148 / MET,25000,4.5,5.0,2.0,MET PET,Soft Touch,3 Side Seal,CR Zipper,0.17904,0.15985,10.72,UNDER,1377.54,587.79,1684.63,346.4,3996.36,8,288
4957,Master Pricing Grid (H) / Core / 4.5W x 5H x 2D / 1148 / MET,50000,4.5,5.0,2.0,MET PET,Soft Touch,3 Side Seal,CR Zipper,0.1711,0.15441,9.75,UNDER,2712.29,1175.39,3140.19,692.8,7720.68,8,288
4957,Master Pricing Grid (H) / Core / 4.5W x 5H x 2D / 1148 / MET,100000,4.5,5.0,2.0,MET PET,Soft Touch,3 Side Seal,CR Zipper,0.1679,0.15157,9.73,UNDER,5382.21,2350.79,6037.96,1385.6,15156.56,8,288
4957,Master Pricing Grid (H) / Core / 4.5W x 5H x 2D / 1148 / MET,250000,4.5,5.0,2.0,MET PET,Soft Touch,3 Side Seal,CR Zipper,0.16593,0.14975,9.75,UNDER,13391.99,5876.97,14703.61,3464.0,37436.57,8,288
4980,Master Pricing Grid (L) / Q / 6.5W x 5H x 2D / 1182 / CLR PE,5000,6.5,5.0,2.0,CLR PET,Soft Touch,Stand Up Pouch,CR Zipper,0.33958,0.2756,18.84,UNDER,429.64,173.27,705.83,69.28,1378.02,5,260
4980,Master Pricing Grid (L) / Q / 6.5W x 5H x 2D / 1182 / CLR PE,10000,6.5,5.0,2.0,CLR PET,Soft Touch,Stand Up Pouch,CR Zipper,0.28819,0.23843,17.27,UNDER,817.05,339.56,1089.12,138.56,2384.29,5,260
4980,Master Pricing Grid (L) / Q / 6.5W x 5H x 2D / 1182 / CLR PE,25000,6.5,5.0,2.0,CLR PET,Soft Touch,Stand Up Pouch,CR Zipper,0.25151,0.22109,12.09,UNDER,1979.28,848.9,2352.73,346.4,5527.31,5,260
4980,Master Pricing Grid (L) / Q / 6.5W x 5H x 2D / 1182 / CLR PE,50000,6.5,5.0,2.0,CLR PET,Soft Touch,Stand Up Pouch,CR Zipper,0.23287,0.21505,7.65,UNDER,3916.33,1697.79,4445.43,692.8,10752.36,5,260
4980,Master Pricing Grid (L) / Q / 6.5W x 5H x 2D / 1182 / CLR PE,100000,6.5,5.0,2.0,CLR PET,Soft Touch,Stand Up Pouch,CR Zipper,0.22557,0.21182,6.09,UNDER,7790.43,3395.58,8610.88,1385.6,21182.49,5,260
4980,Master Pricing Grid (L) / Q / 6.5W x 5H x 2D / 1182 / CLR PE,250000,6.5,5.0,2.0,CLR PET,Soft Touch,Stand Up Pouch,CR Zipper,0.21861,0.20973,4.06,UNDER,19412.72,8488.96,21067.28,3464.0,52432.95,5,260
4977,Master Pricing Grid (L) / Q / 6.5W x 5H x 2D / 1182 / CLR PE,5000,6.5,5.0,2.0,CLR PET,Matte,Stand Up Pouch,CR Zipper,0.326,0.26072,20.03,UNDER,429.64,98.84,705.83,69.28,1303.59,5,260
4977,Master Pricing Grid (L) / Q / 6.5W x 5H x 2D / 1182 / CLR PE,10000,6.5,5.0,2.0,CLR PET,Matte,Stand Up Pouch,CR Zipper,0.27543,0.22354,18.84,UNDER,817.05,190.7,1089.12,138.56,2235.43,5,260
4977,Master Pricing Grid (L) / Q / 6.5W x 5H x 2D / 1182 / CLR PE,25000,6.5,5.0,2.0,CLR PET,Matte,Stand Up Pouch,CR Zipper,0.23926,0.20621,13.81,UNDER,1979.28,476.75,2352.73,346.4,5155.16,5,260
4977,Master Pricing Grid (L) / Q / 6.5W x 5H x 2D / 1182 / CLR PE,50000,6.5,5.0,2.0,CLR PET,Matte,Stand Up Pouch,CR Zipper,0.22083,0.20016,9.36,UNDER,3916.33,953.5,4445.43,692.8,10008.06,5,260
4977,Master Pricing Grid (L) / Q / 6.5W x 5H x 2D / 1182 / CLR PE,100000,6.5,5.0,2.0,CLR PET,Matte,Stand Up Pouch,CR Zipper,0.21367,0.19694,7.83,UNDER,7790.43,1906.99,8610.88,1385.6,19693.9,5,260
4977,Master Pricing Grid (L) / Q / 6.5W x 5H x 2D / 1182 / CLR PE,250000,6.5,5.0,2.0,CLR PET,Matte,Stand Up Pouch,CR Zipper,0.20681,0.19485,5.79,UNDER,19412.72,4767.49,21067.28,3464.0,48711.48,5,260
4975,Master Pricing Grid (L) / Q / 6.5W x 5H x 2D / 1182 / CLR PE,5000,6.5,5.0,2.0,CLR PET,Gloss,Stand Up Pouch,CR Zipper,0.3185,0.25906,18.66,UNDER,429.64,90.57,705.83,69.28,1295.32,5,260
4975,Master Pricing Grid (L) / Q / 6.5W x 5H x 2D / 1182 / CLR PE,10000,6.5,5.0,2.0,CLR PET,Gloss,Stand Up Pouch,CR Zipper,0.26838,0.22189,17.32,UNDER,817.05,174.16,1089.12,138.56,2218.89,5,260
4975,Master Pricing Grid (L) / Q / 6.5W x 5H x 2D / 1182 / CLR PE,25000,6.5,5.0,2.0,CLR PET,Gloss,Stand Up Pouch,CR Zipper,0.2325,0.20455,12.02,UNDER,1979.28,435.4,2352.73,346.4,5113.81,5,260
4975,Master Pricing Grid (L) / Q / 6.5W x 5H x 2D / 1182 / CLR PE,50000,6.5,5.0,2.0,CLR PET,Gloss,Stand Up Pouch,CR Zipper,0.21418,0.19851,7.32,UNDER,3916.33,870.8,4445.43,692.8,9925.36,5,260
4975,Master Pricing Grid (L) / Q / 6.5W x 5H x 2D / 1182 / CLR PE,100000,6.5,5.0,2.0,CLR PET,Gloss,Stand Up Pouch,CR Zipper,0.20709,0.19529,5.7,UNDER,7790.43,1741.6,8610.88,1385.6,19528.5,5,260
4975,Master Pricing Grid (L) / Q / 6.5W x 5H x 2D / 1182 / CLR PE,250000,6.5,5.0,2.0,CLR PET,Gloss,Stand Up Pouch,CR Zipper,0.20029,0.19319,3.54,UNDER,19412.72,4353.99,21067.28,3464.0,48297.99,5,260
4973,Master Pricing Grid (L) / Q / 6.5W x 5H x 2D / 1182 / CLR PE,5000,6.5,5.0,2.0,MET PET,Soft Touch,Stand Up Pouch,CR Zipper,0.34176,0.27739,18.83,UNDER,438.57,173.27,705.83,69.28,1386.95,5,260
4973,Master Pricing Grid (L) / Q / 6.5W x 5H x 2D / 1182 / CLR PE,10000,6.5,5.0,2.0,MET PET,Soft Touch,Stand Up Pouch,CR Zipper,0.29024,0.24018,17.25,UNDER,834.6,339.56,1089.12,138.56,2401.84,5,260
4973,Master Pricing Grid (L) / Q / 6.5W x 5H x 2D / 1182 / CLR PE,25000,6.5,5.0,2.0,MET PET,Soft Touch,Stand Up Pouch,CR Zipper,0.25348,0.22283,12.09,UNDER,2022.69,848.9,2352.73,346.4,5570.71,5,260
4973,Master Pricing Grid (L) / Q / 6.5W x 5H x 2D / 1182 / CLR PE,50000,6.5,5.0,2.0,MET PET,Soft Touch,Stand Up Pouch,CR Zipper,0.23486,0.21678,7.7,UNDER,4002.83,1697.79,4445.43,692.8,10838.86,5,260
4973,Master Pricing Grid (L) / Q / 6.5W x 5H x 2D / 1182 / CLR PE,100000,6.5,5.0,2.0,MET PET,Soft Touch,Stand Up Pouch,CR Zipper,0.22754,0.21355,6.15,UNDER,7963.12,3395.58,8610.88,1385.6,21355.18,5,260
4973,Master Pricing Grid (L) / Q / 6.5W x 5H x 2D / 1182 / CLR PE,250000,6.5,5.0,2.0,MET PET,Soft Touch,Stand Up Pouch,CR Zipper,0.22054,0.21146,4.12,UNDER,19843.98,8488.96,21067.28,3464.0,52864.21,5,260
4970,Master Pricing Grid (L) / Q / 6.5W x 5H x 2D / 1182 / MET PE,5000,6.5,5.0,2.0,MET PET,Matte,Stand Up Pouch,CR Zipper,0.32818,0.2625,20.01,UNDER,438.57,98.84,705.83,69.28,1312.52,5,260
4970,Master Pricing Grid (L) / Q / 6.5W x 5H x 2D / 1182 / MET PE,10000,6.5,5.0,2.0,MET PET,Matte,Stand Up Pouch,CR Zipper,0.27748,0.2253,18.81,UNDER,834.6,190.7,1089.12,138.56,2252.98,5,260
4970,Master Pricing Grid (L) / Q / 6.5W x 5H x 2D / 1182 / MET PE,25000,6.5,5.0,2.0,MET PET,Matte,Stand Up Pouch,CR Zipper,0.24123,0.20794,13.8,UNDER,2022.69,476.75,2352.73,346.4,5198.57,5,260
4970,Master Pricing Grid (L) / Q / 6.5W x 5H x 2D / 1182 / MET PE,50000,6.5,5.0,2.0,MET PET,Matte,Stand Up Pouch,CR Zipper,0.22282,0.20189,9.39,UNDER,4002.83,953.5,4445.43,692.8,10094.56,5,260
4970,Master Pricing Grid (L) / Q / 6.5W x 5H x 2D / 1182 / MET PE,100000,6.5,5.0,2.0,MET PET,Matte,Stand Up Pouch,CR Zipper,0.21563,0.19867,7.87,UNDER,7963.12,1906.99,8610.88,1385.6,19866.59,5,260
4970,Master Pricing Grid (L) / Q / 6.5W x 5H x 2D / 1182 / MET PE,250000,6.5,5.0,2.0,MET PET,Matte,Stand Up Pouch,CR Zipper,0.20874,0.19657,5.83,UNDER,19843.98,4767.49,21067.28,3464.0,49142.75,5,260
4968,Master Pricing Grid (L) / Q / 6.5W x 5H x 2D / 1182 / MET PE,5000,6.5,5.0,2.0,MET PET,Gloss,Stand Up Pouch,CR Zipper,0.32191,0.26085,18.97,UNDER,438.57,90.57,705.83,69.28,1304.25,5,260
4968,Master Pricing Grid (L) / Q / 6.5W x 5H x 2D / 1182 / MET PE,10000,6.5,5.0,2.0,MET PET,Gloss,Stand Up Pouch,CR Zipper,0.27159,0.22364,17.65,UNDER,834.6,174.16,1089.12,138.56,2236.44,5,260
4968,Master Pricing Grid (L) / Q / 6.5W x 5H x 2D / 1182 / MET PE,25000,6.5,5.0,2.0,MET PET,Gloss,Stand Up Pouch,CR Zipper,0.23558,0.20629,12.43,UNDER,2022.69,435.4,2352.73,346.4,5157.22,5,260
4968,Master Pricing Grid (L) / Q / 6.5W x 5H x 2D / 1182 / MET PE,50000,6.5,5.0,2.0,MET PET,Gloss,Stand Up Pouch,CR Zipper,0.21726,0.20024,7.84,UNDER,4002.83,870.8,4445.43,692.8,10011.87,5,260
4968,Master Pricing Grid (L) / Q / 6.5W x 5H x 2D / 1182 / MET PE,100000,6.5,5.0,2.0,MET PET,Gloss,Stand Up Pouch,CR Zipper,0.21014,0.19701,6.25,UNDER,7963.12,1741.6,8610.88,1385.6,19701.19,5,260
4968,Master Pricing Grid (L) / Q / 6.5W x 5H x 2D / 1182 / MET PE,250000,6.5,5.0,2.0,MET PET,Gloss,Stand Up Pouch,CR Zipper,0.20329,0.19492,4.12,UNDER,19843.98,4353.99,21067.28,3464.0,48729.25,5,260
4966,Master Pricing Grid (L) / Core / 4.5W x 5H x 2D / 1148 / CLR,5000,4.5,5.0,2.0,CLR PET,Soft Touch,Stand Up Pouch,CR Zipper,0.26585,0.21932,17.5,UNDER,303.28,120.05,604.0,69.28,1096.61,8,288
4966,Master Pricing Grid (L) / Core / 4.5W x 5H x 2D / 1148 / CLR,10000,4.5,5.0,2.0,CLR PET,Soft Touch,Stand Up Pouch,CR Zipper,0.21541,0.1821,15.46,UNDER,564.1,235.08,883.28,138.56,1821.02,8,288
4966,Master Pricing Grid (L) / Core / 4.5W x 5H x 2D / 1148 / CLR,25000,4.5,5.0,2.0,CLR PET,Soft Touch,Stand Up Pouch,CR Zipper,0.18409,0.15966,13.27,UNDER,1347.38,587.79,1710.01,346.4,3991.57,8,288
4966,Master Pricing Grid (L) / Core / 4.5W x 5H x 2D / 1148 / CLR,50000,4.5,5.0,2.0,CLR PET,Soft Touch,Stand Up Pouch,CR Zipper,0.16804,0.15372,8.52,UNDER,2652.3,1175.39,3165.49,692.8,7685.99,8,288
4966,Master Pricing Grid (L) / Core / 4.5W x 5H x 2D / 1148 / CLR,100000,4.5,5.0,2.0,CLR PET,Soft Touch,Stand Up Pouch,CR Zipper,0.15687,0.15062,3.98,UNDER,5262.56,2350.79,6063.18,1385.6,15062.13,8,288
4966,Master Pricing Grid (L) / Core / 4.5W x 5H x 2D / 1148 / CLR,250000,4.5,5.0,2.0,CLR PET,Soft Touch,Stand Up Pouch,CR Zipper,0.15218,0.14865,2.32,UNDER,13093.32,5876.97,14728.77,3464.0,37163.06,8,288
4963,Master Pricing Grid (L) / Core / 4.5W x 5H x 2D / 1148 / CLR,5000,4.5,5.0,2.0,CLR PET,Matte,Stand Up Pouch,CR Zipper,0.25594,0.20901,18.34,UNDER,303.28,68.48,604.0,69.28,1045.04,8,288
4963,Master Pricing Grid (L) / Core / 4.5W x 5H x 2D / 1148 / CLR,10000,4.5,5.0,2.0,CLR PET,Matte,Stand Up Pouch,CR Zipper,0.2063,0.1718,16.72,UNDER,564.1,132.02,883.28,138.56,1717.96,8,288
4963,Master Pricing Grid (L) / Core / 4.5W x 5H x 2D / 1148 / CLR,25000,4.5,5.0,2.0,CLR PET,Matte,Stand Up Pouch,CR Zipper,0.17548,0.14936,14.89,UNDER,1347.38,330.11,1710.01,346.4,3733.89,8,288
4963,Master Pricing Grid (L) / Core / 4.5W x 5H x 2D / 1148 / CLR,50000,4.5,5.0,2.0,CLR PET,Matte,Stand Up Pouch,CR Zipper,0.15962,0.14341,10.15,UNDER,2652.3,660.11,3165.49,692.8,7170.71,8,288
4963,Master Pricing Grid (L) / Core / 4.5W x 5H x 2D / 1148 / CLR,100000,4.5,5.0,2.0,CLR PET,Matte,Stand Up Pouch,CR Zipper,0.14856,0.14032,5.55,UNDER,5262.56,1320.23,6063.18,1385.6,14031.57,8,288
4963,Master Pricing Grid (L) / Core / 4.5W x 5H x 2D / 1148 / CLR,250000,4.5,5.0,2.0,CLR PET,Matte,Stand Up Pouch,CR Zipper,0.14396,0.13835,3.9,UNDER,13093.32,3300.57,14728.77,3464.0,34586.65,8,288
4961,Master Pricing Grid (L) / Core / 4.5W x 5H x 2D / 1148 / CLR,5000,4.5,5.0,2.0,CLR PET,Gloss,Stand Up Pouch,CR Zipper,0.25136,0.20786,17.3,UNDER,303.28,62.75,604.0,69.28,1039.31,8,288
4961,Master Pricing Grid (L) / Core / 4.5W x 5H x 2D / 1148 / CLR,10000,4.5,5.0,2.0,CLR PET,Gloss,Stand Up Pouch,CR Zipper,0.2021,0.17065,15.56,UNDER,564.1,120.57,883.28,138.56,1706.51,8,288
4961,Master Pricing Grid (L) / Core / 4.5W x 5H x 2D / 1148 / CLR,25000,4.5,5.0,2.0,CLR PET,Gloss,Stand Up Pouch,CR Zipper,0.17151,0.14821,13.58,UNDER,1347.38,301.48,1710.01,346.4,3705.26,8,288
4961,Master Pricing Grid (L) / Core / 4.5W x 5H x 2D / 1148 / CLR,50000,4.5,5.0,2.0,CLR PET,Gloss,Stand Up Pouch,CR Zipper,0.15574,0.14227,8.65,UNDER,2652.3,602.86,3165.49,692.8,7113.45,8,288
4961,Master Pricing Grid (L) / Core / 4.5W x 5H x 2D / 1148 / CLR,100000,4.5,5.0,2.0,CLR PET,Gloss,Stand Up Pouch,CR Zipper,0.14473,0.13917,3.84,UNDER,5262.56,1205.72,6063.18,1385.6,13917.06,8,288
4961,Master Pricing Grid (L) / Core / 4.5W x 5H x 2D / 1148 / CLR,250000,4.5,5.0,2.0,CLR PET,Gloss,Stand Up Pouch,CR Zipper,0.14017,0.1372,2.12,UNDER,13093.32,3014.3,14728.77,3464.0,34300.39,8,288
6015,Master Pricing Grid (L) / Mod / 3.5Wx 6H / 1192 / CLR PET / ,5000,3.5,6.0,0,CLR PET,Soft Touch,3 Side Seal,CR Zipper,0.22,0.18693,15.03,UNDER,246.66,93.3,525.41,69.28,934.65,10,280
6015,Master Pricing Grid (L) / Mod / 3.5Wx 6H / 1192 / CLR PET / ,10000,3.5,6.0,0,CLR PET,Soft Touch,3 Side Seal,CR Zipper,0.1744,0.15191,12.89,UNDER,451.16,186.59,742.8,138.56,1519.11,10,280
6015,Master Pricing Grid (L) / Mod / 3.5Wx 6H / 1192 / CLR PET / ,25000,3.5,6.0,0,CLR PET,Soft Touch,3 Side Seal,CR Zipper,0.14633,0.13015,11.06,UNDER,1064.67,457.1,1385.59,346.4,3253.75,10,280
6015,Master Pricing Grid (L) / Mod / 3.5Wx 6H / 1192 / CLR PET / ,50000,3.5,6.0,0,CLR PET,Soft Touch,3 Side Seal,CR Zipper,0.13257,0.12424,6.28,UNDER,2087.17,914.2,2517.81,692.8,6211.98,10,280
6015,Master Pricing Grid (L) / Mod / 3.5Wx 6H / 1192 / CLR PET / ,100000,3.5,6.0,0,CLR PET,Soft Touch,3 Side Seal,CR Zipper,0.12324,0.12118,1.67,UNDER,4132.19,1828.39,4771.56,1385.6,12117.75,10,280
6015,Master Pricing Grid (L) / Mod / 3.5Wx 6H / 1192 / CLR PET / ,250000,3.5,6.0,0,CLR PET,Soft Touch,3 Side Seal,CR Zipper,0.1192,0.11925,0.05,OVER,10267.24,4570.98,11511.46,3464.0,29813.68,10,280
6014,Master Pricing Grid (L) / Mod / 3.5W x 6H / 1192 / CLR PET /,5000,3.5,6.0,0,CLR PET,Matte,3 Side Seal,CR Zipper,0.21237,0.17891,15.75,UNDER,246.66,53.22,525.41,69.28,894.57,10,280
6014,Master Pricing Grid (L) / Mod / 3.5W x 6H / 1192 / CLR PET /,10000,3.5,6.0,0,CLR PET,Matte,3 Side Seal,CR Zipper,0.16735,0.1439,14.02,UNDER,451.16,106.44,742.8,138.56,1438.96,10,280
6014,Master Pricing Grid (L) / Mod / 3.5W x 6H / 1192 / CLR PET /,25000,3.5,6.0,0,CLR PET,Matte,3 Side Seal,CR Zipper,0.13964,0.12213,12.54,UNDER,1064.67,256.71,1385.59,346.4,3053.36,10,280
6014,Master Pricing Grid (L) / Mod / 3.5W x 6H / 1192 / CLR PET /,50000,3.5,6.0,0,CLR PET,Matte,3 Side Seal,CR Zipper,0.12603,0.11622,7.78,UNDER,2087.17,513.42,2517.81,692.8,5811.2,10,280
6014,Master Pricing Grid (L) / Mod / 3.5W x 6H / 1192 / CLR PET /,100000,3.5,6.0,0,CLR PET,Matte,3 Side Seal,CR Zipper,0.11679,0.11316,3.11,UNDER,4132.19,1026.84,4771.56,1385.6,11316.2,10,280
6014,Master Pricing Grid (L) / Mod / 3.5W x 6H / 1192 / CLR PET /,250000,3.5,6.0,0,CLR PET,Matte,3 Side Seal,CR Zipper,0.11281,0.11124,1.39,UNDER,10267.24,2567.11,11511.46,3464.0,27809.81,10,280
6013,Master Pricing Grid (L) / Mod / 3.5Wx6H / 1192 / CLR PET / G,5000,3.5,6.0,0,CLR PET,Gloss,3 Side Seal,CR Zipper,0.20884,0.1723,17.5,UNDER,246.66,48.77,496.8,69.28,861.5,10,280
6013,Master Pricing Grid (L) / Mod / 3.5Wx6H / 1192 / CLR PET / G,10000,3.5,6.0,0,CLR PET,Gloss,3 Side Seal,CR Zipper,0.1641,0.14019,14.57,UNDER,451.16,97.53,714.62,138.56,1401.88,10,280
6013,Master Pricing Grid (L) / Mod / 3.5Wx6H / 1192 / CLR PET / G,25000,3.5,6.0,0,CLR PET,Gloss,3 Side Seal,CR Zipper,0.13656,0.12013,12.03,UNDER,1064.67,234.45,1357.74,346.4,3003.25,10,280
6013,Master Pricing Grid (L) / Mod / 3.5Wx6H / 1192 / CLR PET / G,50000,3.5,6.0,0,CLR PET,Gloss,3 Side Seal,CR Zipper,0.12301,0.11478,6.69,UNDER,2087.17,468.89,2489.98,692.8,5738.85,10,280
6013,Master Pricing Grid (L) / Mod / 3.5Wx6H / 1192 / CLR PET / G,100000,3.5,6.0,0,CLR PET,Gloss,3 Side Seal,CR Zipper,0.11381,0.11199,1.6,UNDER,4132.19,937.78,4743.76,1385.6,11199.33,10,280
6013,Master Pricing Grid (L) / Mod / 3.5Wx6H / 1192 / CLR PET / G,250000,3.5,6.0,0,CLR PET,Gloss,3 Side Seal,CR Zipper,0.10986,0.11024,0.34,OVER,10267.24,2344.46,11483.67,3464.0,27559.37,10,280
5001,Master Pricing Grid (L) / Mod / 3.5Wx 6H / 1192 / MET PET / ,5000,3.5,6.0,0,MET PET,Soft Touch,3 Side Seal,CR Zipper,0.22122,0.18792,15.05,UNDER,251.62,93.3,525.41,69.28,939.61,10,280
5001,Master Pricing Grid (L) / Mod / 3.5Wx 6H / 1192 / MET PET / ,10000,3.5,6.0,0,MET PET,Soft Touch,3 Side Seal,CR Zipper,0.17554,0.15287,12.91,UNDER,460.76,186.59,742.8,138.56,1528.71,10,280
5001,Master Pricing Grid (L) / Mod / 3.5Wx 6H / 1192 / MET PET / ,25000,3.5,6.0,0,MET PET,Soft Touch,3 Side Seal,CR Zipper,0.1475,0.13109,11.12,UNDER,1088.19,457.1,1385.59,346.4,3277.27,10,280
5001,Master Pricing Grid (L) / Mod / 3.5Wx 6H / 1192 / MET PET / ,50000,3.5,6.0,0,MET PET,Soft Touch,3 Side Seal,CR Zipper,0.13368,0.12517,6.36,UNDER,2133.9,914.2,2517.81,692.8,6258.71,10,280
5001,Master Pricing Grid (L) / Mod / 3.5Wx 6H / 1192 / MET PET / ,100000,3.5,6.0,0,MET PET,Soft Touch,3 Side Seal,CR Zipper,0.12431,0.12211,1.77,UNDER,4225.33,1828.39,4771.56,1385.6,12210.88,10,280
5001,Master Pricing Grid (L) / Mod / 3.5Wx 6H / 1192 / MET PET / ,250000,3.5,6.0,0,MET PET,Soft Touch,3 Side Seal,CR Zipper,0.12025,0.12018,0.05,UNDER,10499.61,4570.98,11511.46,3464.0,30046.05,10,280
4998,Master Pricing Grid (L) / Mod / 3.5W x 6H / 1192 / MET PET /,5000,3.5,6.0,0,MET PET,Matte,3 Side Seal,CR Zipper,0.21358,0.17991,15.77,UNDER,251.62,53.22,525.41,69.28,899.53,10,280
4998,Master Pricing Grid (L) / Mod / 3.5W x 6H / 1192 / MET PET /,10000,3.5,6.0,0,MET PET,Matte,3 Side Seal,CR Zipper,0.16848,0.14486,14.02,UNDER,460.76,106.44,742.8,138.56,1448.56,10,280
4998,Master Pricing Grid (L) / Mod / 3.5W x 6H / 1192 / MET PET /,25000,3.5,6.0,0,MET PET,Matte,3 Side Seal,CR Zipper,0.14082,0.12308,12.6,UNDER,1088.19,256.71,1385.59,346.4,3076.89,10,280
4998,Master Pricing Grid (L) / Mod / 3.5W x 6H / 1192 / MET PET /,50000,3.5,6.0,0,MET PET,Matte,3 Side Seal,CR Zipper,0.12713,0.11716,7.84,UNDER,2133.9,513.42,2517.81,692.8,5857.93,10,280
4998,Master Pricing Grid (L) / Mod / 3.5W x 6H / 1192 / MET PET /,100000,3.5,6.0,0,MET PET,Matte,3 Side Seal,CR Zipper,0.11785,0.11409,3.19,UNDER,4225.33,1026.84,4771.56,1385.6,11409.34,10,280
4998,Master Pricing Grid (L) / Mod / 3.5W x 6H / 1192 / MET PET /,250000,3.5,6.0,0,MET PET,Matte,3 Side Seal,CR Zipper,0.11386,0.11217,1.49,UNDER,10499.61,2567.11,11511.46,3464.0,28042.18,10,280
4996,Master Pricing Grid (L) / Mod / 3.5Wx6H / 1192 / MET PET / G,5000,3.5,6.0,0,MET PET,Gloss,3 Side Seal,CR Zipper,0.21006,0.17329,17.5,UNDER,251.62,48.77,496.8,69.28,866.46,10,280
4996,Master Pricing Grid (L) / Mod / 3.5Wx6H / 1192 / MET PET / G,10000,3.5,6.0,0,MET PET,Gloss,3 Side Seal,CR Zipper,0.16523,0.14115,14.58,UNDER,460.76,97.53,714.62,138.56,1411.48,10,280
4996,Master Pricing Grid (L) / Mod / 3.5Wx6H / 1192 / MET PET / G,25000,3.5,6.0,0,MET PET,Gloss,3 Side Seal,CR Zipper,0.13773,0.12107,12.1,UNDER,1088.19,234.45,1357.74,346.4,3026.78,10,280
4996,Master Pricing Grid (L) / Mod / 3.5Wx6H / 1192 / MET PET / G,50000,3.5,6.0,0,MET PET,Gloss,3 Side Seal,CR Zipper,0.12411,0.11571,6.77,UNDER,2133.9,468.89,2489.98,692.8,5785.58,10,280
4996,Master Pricing Grid (L) / Mod / 3.5Wx6H / 1192 / MET PET / G,100000,3.5,6.0,0,MET PET,Gloss,3 Side Seal,CR Zipper,0.11487,0.11292,1.69,UNDER,4225.33,937.78,4743.76,1385.6,11292.47,10,280
4996,Master Pricing Grid (L) / Mod / 3.5Wx6H / 1192 / MET PET / G,250000,3.5,6.0,0,MET PET,Gloss,3 Side Seal,CR Zipper,0.11091,0.11117,0.23,OVER,10499.61,2344.46,11483.67,3464.0,27791.74,10,280
4994,Master Pricing Grid (L) / Mini / 2.5W x 5H x 2D / 1179 / CLR,5000,2.5,5.0,2.0,CLR PET,Soft Touch,Stand Up Pouch,CR Zipper,0.1984,0.15389,22.43,UNDER,185.65,66.84,447.69,69.28,769.45,15,300
4994,Master Pricing Grid (L) / Mini / 2.5W x 5H x 2D / 1179 / CLR,10000,2.5,5.0,2.0,CLR PET,Soft Touch,Stand Up Pouch,CR Zipper,0.14223,0.12448,12.48,UNDER,329.18,133.48,643.54,138.56,1244.76,15,300
4994,Master Pricing Grid (L) / Mini / 2.5W x 5H x 2D / 1179 / CLR,25000,2.5,5.0,2.0,CLR PET,Soft Touch,Stand Up Pouch,CR Zipper,0.10934,0.09959,8.92,UNDER,759.78,326.69,1056.93,346.4,2489.8,15,300
4994,Master Pricing Grid (L) / Mini / 2.5W x 5H x 2D / 1179 / CLR,50000,2.5,5.0,2.0,CLR PET,Soft Touch,Stand Up Pouch,CR Zipper,0.10073,0.09394,6.74,UNDER,1477.44,653.19,1873.59,692.8,4697.02,15,300
4994,Master Pricing Grid (L) / Mini / 2.5W x 5H x 2D / 1179 / CLR,100000,2.5,5.0,2.0,CLR PET,Soft Touch,Stand Up Pouch,CR Zipper,0.09229,0.09096,1.45,UNDER,2912.76,1306.19,3491.08,1385.6,9095.62,15,300
4994,Master Pricing Grid (L) / Mini / 2.5W x 5H x 2D / 1179 / CLR,250000,2.5,5.0,2.0,CLR PET,Soft Touch,Stand Up Pouch,CR Zipper,0.08471,0.08895,5.0,OVER,7218.73,3265.17,8289.36,3464.0,22237.27,15,300
4991,Master Pricing Grid (L) / Mini / 2.5W x 5H x 2D / 1179 / CLR,5000,2.5,5.0,2.0,CLR PET,Matte,Stand Up Pouch,CR Zipper,0.19219,0.14815,22.92,UNDER,185.65,38.13,447.69,69.28,740.74,15,300
4991,Master Pricing Grid (L) / Mini / 2.5W x 5H x 2D / 1179 / CLR,10000,2.5,5.0,2.0,CLR PET,Matte,Stand Up Pouch,CR Zipper,0.13681,0.11874,13.21,UNDER,329.18,76.14,643.54,138.56,1187.42,15,300
4991,Master Pricing Grid (L) / Mini / 2.5W x 5H x 2D / 1179 / CLR,25000,2.5,5.0,2.0,CLR PET,Matte,Stand Up Pouch,CR Zipper,0.10442,0.09386,10.11,UNDER,759.78,183.47,1056.93,346.4,2346.59,15,300
4991,Master Pricing Grid (L) / Mini / 2.5W x 5H x 2D / 1179 / CLR,50000,2.5,5.0,2.0,CLR PET,Matte,Stand Up Pouch,CR Zipper,0.09596,0.08821,8.07,UNDER,1477.44,366.84,1873.59,692.8,4410.66,15,300
4991,Master Pricing Grid (L) / Mini / 2.5W x 5H x 2D / 1179 / CLR,100000,2.5,5.0,2.0,CLR PET,Matte,Stand Up Pouch,CR Zipper,0.08762,0.08523,2.73,UNDER,2912.76,733.57,3491.08,1385.6,8523.01,15,300
4991,Master Pricing Grid (L) / Mini / 2.5W x 5H x 2D / 1179 / CLR,250000,2.5,5.0,2.0,CLR PET,Matte,Stand Up Pouch,CR Zipper,0.08013,0.08322,3.86,OVER,7218.73,1833.76,8289.36,3464.0,20805.85,15,300
4989,Master Pricing Grid (L) / Mini / 2.5W x 5H x 2D / 1179 / CLR,5000,2.5,5.0,2.0,CLR PET,Gloss,Stand Up Pouch,CR Zipper,0.18933,0.14751,22.09,UNDER,185.65,34.94,447.69,69.28,737.55,15,300
4989,Master Pricing Grid (L) / Mini / 2.5W x 5H x 2D / 1179 / CLR,10000,2.5,5.0,2.0,CLR PET,Gloss,Stand Up Pouch,CR Zipper,0.13431,0.11811,12.07,UNDER,329.18,69.77,643.54,138.56,1181.05,15,300
4989,Master Pricing Grid (L) / Mini / 2.5W x 5H x 2D / 1179 / CLR,25000,2.5,5.0,2.0,CLR PET,Gloss,Stand Up Pouch,CR Zipper,0.10215,0.09323,8.74,UNDER,759.78,167.56,1056.93,346.4,2330.67,15,300
4989,Master Pricing Grid (L) / Mini / 2.5W x 5H x 2D / 1179 / CLR,50000,2.5,5.0,2.0,CLR PET,Gloss,Stand Up Pouch,CR Zipper,0.09376,0.08758,6.59,UNDER,1477.44,335.02,1873.59,692.8,4378.85,15,300
4989,Master Pricing Grid (L) / Mini / 2.5W x 5H x 2D / 1179 / CLR,100000,2.5,5.0,2.0,CLR PET,Gloss,Stand Up Pouch,CR Zipper,0.08547,0.08459,1.03,UNDER,2912.76,669.94,3491.08,1385.6,8459.38,15,300
4989,Master Pricing Grid (L) / Mini / 2.5W x 5H x 2D / 1179 / CLR,250000,2.5,5.0,2.0,CLR PET,Gloss,Stand Up Pouch,CR Zipper,0.07802,0.08259,5.85,OVER,7218.73,1674.71,8289.36,3464.0,20646.8,15,300
4987,Master Pricing Grid (L) / Mini / 2.5W x 5H x 2D / 1179 / MET,5000,2.5,5.0,2.0,MET PET,Soft Touch,Stand Up Pouch,CR Zipper,0.19939,0.15462,22.45,UNDER,189.29,66.84,447.69,69.28,773.09,15,300
4987,Master Pricing Grid (L) / Mini / 2.5W x 5H x 2D / 1179 / MET,10000,2.5,5.0,2.0,MET PET,Soft Touch,Stand Up Pouch,CR Zipper,0.14309,0.12517,12.52,UNDER,336.13,133.48,643.54,138.56,1251.71,15,300
4987,Master Pricing Grid (L) / Mini / 2.5W x 5H x 2D / 1179 / MET,25000,2.5,5.0,2.0,MET PET,Soft Touch,Stand Up Pouch,CR Zipper,0.11013,0.10027,8.95,UNDER,776.68,326.69,1056.93,346.4,2506.7,15,300
4987,Master Pricing Grid (L) / Mini / 2.5W x 5H x 2D / 1179 / MET,50000,2.5,5.0,2.0,MET PET,Soft Touch,Stand Up Pouch,CR Zipper,0.1015,0.09461,6.79,UNDER,1510.91,653.19,1873.59,692.8,4730.49,15,300
4987,Master Pricing Grid (L) / Mini / 2.5W x 5H x 2D / 1179 / MET,100000,2.5,5.0,2.0,MET PET,Soft Touch,Stand Up Pouch,CR Zipper,0.09304,0.09162,1.52,UNDER,2979.39,1306.19,3491.08,1385.6,9162.25,15,300
4987,Master Pricing Grid (L) / Mini / 2.5W x 5H x 2D / 1179 / MET,250000,2.5,5.0,2.0,MET PET,Soft Touch,Stand Up Pouch,CR Zipper,0.08546,0.08961,4.86,OVER,7384.81,3265.17,8289.36,3464.0,22403.34,15,300
4984,Master Pricing Grid (L) / Mini / 2.5W x 5H x 2D / 1179 / MET,5000,2.5,5.0,2.0,MET PET,Matte,Stand Up Pouch,CR Zipper,0.19318,0.14888,22.93,UNDER,189.29,38.13,447.69,69.28,744.38,15,300
4984,Master Pricing Grid (L) / Mini / 2.5W x 5H x 2D / 1179 / MET,10000,2.5,5.0,2.0,MET PET,Matte,Stand Up Pouch,CR Zipper,0.13768,0.11944,13.25,UNDER,336.13,76.14,643.54,138.56,1194.37,15,300
4984,Master Pricing Grid (L) / Mini / 2.5W x 5H x 2D / 1179 / MET,25000,2.5,5.0,2.0,MET PET,Matte,Stand Up Pouch,CR Zipper,0.10521,0.09454,10.14,UNDER,776.68,183.47,1056.93,346.4,2363.48,15,300
4984,Master Pricing Grid (L) / Mini / 2.5W x 5H x 2D / 1179 / MET,50000,2.5,5.0,2.0,MET PET,Matte,Stand Up Pouch,CR Zipper,0.09673,0.08888,8.11,UNDER,1510.91,366.84,1873.59,692.8,4444.14,15,300
4984,Master Pricing Grid (L) / Mini / 2.5W x 5H x 2D / 1179 / MET,100000,2.5,5.0,2.0,MET PET,Matte,Stand Up Pouch,CR Zipper,0.08837,0.0859,2.8,UNDER,2979.39,733.57,3491.08,1385.6,8589.63,15,300
4984,Master Pricing Grid (L) / Mini / 2.5W x 5H x 2D / 1179 / MET,250000,2.5,5.0,2.0,MET PET,Matte,Stand Up Pouch,CR Zipper,0.08088,0.08389,3.72,OVER,7384.81,1833.76,8289.36,3464.0,20971.92,15,300
4982,Master Pricing Grid (L) / Mini / 2.5W x 5H x 2D / 1179 / MET,5000,2.5,5.0,2.0,MET PET,Gloss,Stand Up Pouch,CR Zipper,0.19032,0.14824,22.11,UNDER,189.29,34.94,447.69,69.28,741.19,15,300
4982,Master Pricing Grid (L) / Mini / 2.5W x 5H x 2D / 1179 / MET,10000,2.5,5.0,2.0,MET PET,Gloss,Stand Up Pouch,CR Zipper,0.13517,0.1188,12.11,UNDER,336.13,69.77,643.54,138.56,1188.0,15,300
4982,Master Pricing Grid (L) / Mini / 2.5W x 5H x 2D / 1179 / MET,25000,2.5,5.0,2.0,MET PET,Gloss,Stand Up Pouch,CR Zipper,0.10294,0.0939,8.78,UNDER,776.68,167.56,1056.93,346.4,2347.57,15,300
4982,Master Pricing Grid (L) / Mini / 2.5W x 5H x 2D / 1179 / MET,50000,2.5,5.0,2.0,MET PET,Gloss,Stand Up Pouch,CR Zipper,0.09453,0.08825,6.65,UNDER,1510.91,335.02,1873.59,692.8,4412.32,15,300
4982,Master Pricing Grid (L) / Mini / 2.5W x 5H x 2D / 1179 / MET,100000,2.5,5.0,2.0,MET PET,Gloss,Stand Up Pouch,CR Zipper,0.08622,0.08526,1.11,UNDER,2979.39,669.94,3491.08,1385.6,8526.0,15,300
4982,Master Pricing Grid (L) / Mini / 2.5W x 5H x 2D / 1179 / MET,250000,2.5,5.0,2.0,MET PET,Gloss,Stand Up Pouch,CR Zipper,0.07877,0.08325,5.69,OVER,7384.81,1674.71,8289.36,3464.0,20812.87,15,300
4951,Master Pricing Grid (L) / Sampler / 3.5Wx4.5H / 1164 / MET P,5000,3.5,4.5,0,CLR PET,Soft Touch,3 Side Seal,CR Zipper,0.21444,0.18121,15.5,UNDER,246.66,93.3,496.8,69.28,906.03,10,280
4951,Master Pricing Grid (L) / Sampler / 3.5Wx4.5H / 1164 / MET P,10000,3.5,4.5,0,CLR PET,Soft Touch,3 Side Seal,CR Zipper,0.16909,0.14909,11.83,UNDER,451.16,186.59,714.62,138.56,1490.94,10,280
4951,Master Pricing Grid (L) / Sampler / 3.5Wx4.5H / 1164 / MET P,25000,3.5,4.5,0,CLR PET,Soft Touch,3 Side Seal,CR Zipper,0.14106,0.12904,8.52,UNDER,1064.67,457.1,1357.74,346.4,3225.91,10,280
4951,Master Pricing Grid (L) / Sampler / 3.5Wx4.5H / 1164 / MET P,50000,3.5,4.5,0,CLR PET,Soft Touch,3 Side Seal,CR Zipper,0.12726,0.12368,2.81,UNDER,2087.17,914.2,2489.98,692.8,6184.15,10,280
4951,Master Pricing Grid (L) / Sampler / 3.5Wx4.5H / 1164 / MET P,100000,3.5,4.5,0,CLR PET,Soft Touch,3 Side Seal,CR Zipper,0.11793,0.1209,2.52,OVER,4132.19,1828.39,4743.76,1385.6,12089.94,10,280
4951,Master Pricing Grid (L) / Sampler / 3.5Wx4.5H / 1164 / MET P,250000,3.5,4.5,0,CLR PET,Soft Touch,3 Side Seal,CR Zipper,0.11387,0.11914,4.63,OVER,10267.24,4570.98,11483.67,3464.0,29785.89,10,280
4948,Master Pricing Grid (H) / Sampler / 3.5Wx4.5H / 1164 / CLR P,5000,3.5,4.5,0,CLR PET,Gloss,3 Side Seal,CR Zipper,0.20328,0.1723,15.24,UNDER,246.66,48.77,496.8,69.28,861.5,10,280
4948,Master Pricing Grid (H) / Sampler / 3.5Wx4.5H / 1164 / CLR P,10000,3.5,4.5,0,CLR PET,Gloss,3 Side Seal,CR Zipper,0.15879,0.14019,11.72,UNDER,451.16,97.53,714.62,138.56,1401.88,10,280
4948,Master Pricing Grid (H) / Sampler / 3.5Wx4.5H / 1164 / CLR P,25000,3.5,4.5,0,CLR PET,Gloss,3 Side Seal,CR Zipper,0.13129,0.12013,8.5,UNDER,1064.67,234.45,1357.74,346.4,3003.25,10,280
4948,Master Pricing Grid (H) / Sampler / 3.5Wx4.5H / 1164 / CLR P,50000,3.5,4.5,0,CLR PET,Gloss,3 Side Seal,CR Zipper,0.1177,0.11478,2.48,UNDER,2087.17,468.89,2489.98,692.8,5738.85,10,280
4948,Master Pricing Grid (H) / Sampler / 3.5Wx4.5H / 1164 / CLR P,100000,3.5,4.5,0,CLR PET,Gloss,3 Side Seal,CR Zipper,0.10849,0.11199,3.23,OVER,4132.19,937.78,4743.76,1385.6,11199.33,10,280
4948,Master Pricing Grid (H) / Sampler / 3.5Wx4.5H / 1164 / CLR P,250000,3.5,4.5,0,CLR PET,Gloss,3 Side Seal,CR Zipper,0.10453,0.11024,5.46,OVER,10267.24,2344.46,11483.67,3464.0,27559.37,10,280
4946,Master Pricing Grid (L) / Sampler / 3.5Wx4.5H / 1164 / CLR P,5000,3.5,4.5,0,CLR PET,Matte,3 Side Seal,CR Zipper,0.2068,0.17319,16.25,UNDER,246.66,53.22,496.8,69.28,865.96,10,280
4946,Master Pricing Grid (L) / Sampler / 3.5Wx4.5H / 1164 / CLR P,10000,3.5,4.5,0,CLR PET,Matte,3 Side Seal,CR Zipper,0.16204,0.14108,12.94,UNDER,451.16,106.44,714.62,138.56,1410.78,10,280
4946,Master Pricing Grid (L) / Sampler / 3.5Wx4.5H / 1164 / CLR P,25000,3.5,4.5,0,CLR PET,Matte,3 Side Seal,CR Zipper,0.13438,0.12102,9.94,UNDER,1064.67,256.71,1357.74,346.4,3025.52,10,280
4946,Master Pricing Grid (L) / Sampler / 3.5Wx4.5H / 1164 / CLR P,50000,3.5,4.5,0,CLR PET,Matte,3 Side Seal,CR Zipper,0.12072,0.11567,4.19,UNDER,2087.17,513.42,2489.98,692.8,5783.38,10,280
4946,Master Pricing Grid (L) / Sampler / 3.5Wx4.5H / 1164 / CLR P,100000,3.5,4.5,0,CLR PET,Matte,3 Side Seal,CR Zipper,0.11147,0.11288,1.27,OVER,4132.19,1026.84,4743.76,1385.6,11288.39,10,280
4946,Master Pricing Grid (L) / Sampler / 3.5Wx4.5H / 1164 / CLR P,250000,3.5,4.5,0,CLR PET,Matte,3 Side Seal,CR Zipper,0.10748,0.11113,3.39,OVER,10267.24,2567.11,11483.67,3464.0,27782.02,10,280
4943,Master Pricing Grid (L) / Sampler / 3.5Wx4.5H / 1164 / MET P,5000,3.5,4.5,0,MET PET,Soft Touch,3 Side Seal,CR Zipper,0.21565,0.1822,15.51,UNDER,251.62,93.3,496.8,69.28,910.99,10,280
4943,Master Pricing Grid (L) / Sampler / 3.5Wx4.5H / 1164 / MET P,10000,3.5,4.5,0,MET PET,Soft Touch,3 Side Seal,CR Zipper,0.17021,0.15005,11.84,UNDER,460.76,186.59,714.62,138.56,1500.54,10,280
4943,Master Pricing Grid (L) / Sampler / 3.5Wx4.5H / 1164 / MET P,25000,3.5,4.5,0,MET PET,Soft Touch,3 Side Seal,CR Zipper,0.14213,0.12998,8.55,UNDER,1088.19,457.1,1357.74,346.4,3249.43,10,280
4943,Master Pricing Grid (L) / Sampler / 3.5Wx4.5H / 1164 / MET P,50000,3.5,4.5,0,MET PET,Soft Touch,3 Side Seal,CR Zipper,0.1283,0.12462,2.87,UNDER,2133.9,914.2,2489.98,692.8,6230.88,10,280
4943,Master Pricing Grid (L) / Sampler / 3.5Wx4.5H / 1164 / MET P,100000,3.5,4.5,0,MET PET,Soft Touch,3 Side Seal,CR Zipper,0.11896,0.12183,2.41,OVER,4225.33,1828.39,4743.76,1385.6,12183.08,10,280
4943,Master Pricing Grid (L) / Sampler / 3.5Wx4.5H / 1164 / MET P,250000,3.5,4.5,0,MET PET,Soft Touch,3 Side Seal,CR Zipper,0.1149,0.12007,4.5,OVER,10499.61,4570.98,11483.67,3464.0,30018.26,10,280
4922,Master Pricing Grid (L) / Sampler / 3.5Wx4.5H / 1164 / MET P,5000,3.5,4.5,0,MET PET,Matte,3 Side Seal,CR Zipper,0.20801,0.17418,16.26,UNDER,251.62,53.22,496.8,69.28,870.91,10,280
4922,Master Pricing Grid (L) / Sampler / 3.5Wx4.5H / 1164 / MET P,10000,3.5,4.5,0,MET PET,Matte,3 Side Seal,CR Zipper,0.16316,0.14204,12.95,UNDER,460.76,106.44,714.62,138.56,1420.38,10,280
4922,Master Pricing Grid (L) / Sampler / 3.5Wx4.5H / 1164 / MET P,25000,3.5,4.5,0,MET PET,Matte,3 Side Seal,CR Zipper,0.13544,0.12196,9.95,UNDER,1088.19,256.71,1357.74,346.4,3049.04,10,280
4922,Master Pricing Grid (L) / Sampler / 3.5Wx4.5H / 1164 / MET P,50000,3.5,4.5,0,MET PET,Matte,3 Side Seal,CR Zipper,0.12176,0.1166,4.24,UNDER,2133.9,513.42,2489.98,692.8,5830.11,10,280
4922,Master Pricing Grid (L) / Sampler / 3.5Wx4.5H / 1164 / MET P,100000,3.5,4.5,0,MET PET,Matte,3 Side Seal,CR Zipper,0.1125,0.11382,1.17,OVER,4225.33,1026.84,4743.76,1385.6,11381.53,10,280
4922,Master Pricing Grid (L) / Sampler / 3.5Wx4.5H / 1164 / MET P,250000,3.5,4.5,0,MET PET,Matte,3 Side Seal,CR Zipper,0.1085,0.11206,3.28,OVER,10499.61,2567.11,11483.67,3464.0,28014.39,10,280
4919,Master Pricing Grid (L) / Sampler / 3.5Wx4.5H / 1164 / MET P,5000,3.5,4.5,0,MET PET,Gloss,3 Side Seal,CR Zipper,0.20449,0.17329,15.26,UNDER,251.62,48.77,496.8,69.28,866.46,10,280
4919,Master Pricing Grid (L) / Sampler / 3.5Wx4.5H / 1164 / MET P,10000,3.5,4.5,0,MET PET,Gloss,3 Side Seal,CR Zipper,0.15991,0.14115,11.73,UNDER,460.76,97.53,714.62,138.56,1411.48,10,280
4919,Master Pricing Grid (L) / Sampler / 3.5Wx4.5H / 1164 / MET P,25000,3.5,4.5,0,MET PET,Gloss,3 Side Seal,CR Zipper,0.13236,0.12107,8.53,UNDER,1088.19,234.45,1357.74,346.4,3026.78,10,280
4919,Master Pricing Grid (L) / Sampler / 3.5Wx4.5H / 1164 / MET P,50000,3.5,4.5,0,MET PET,Gloss,3 Side Seal,CR Zipper,0.11874,0.11571,2.55,UNDER,2133.9,468.89,2489.98,692.8,5785.58,10,280
4919,Master Pricing Grid (L) / Sampler / 3.5Wx4.5H / 1164 / MET P,100000,3.5,4.5,0,MET PET,Gloss,3 Side Seal,CR Zipper,0.10952,0.11292,3.11,OVER,4225.33,937.78,4743.76,1385.6,11292.47,10,280
4919,Master Pricing Grid (L) / Sampler / 3.5Wx4.5H / 1164 / MET P,250000,3.5,4.5,0,MET PET,Gloss,3 Side Seal,CR Zipper,0.10555,0.11117,5.32,OVER,10499.61,2344.46,11483.67,3464.0,27791.74,10,280
2201,Master Pricing Grid / 3.5Wx4.5H / Bottom Fill / MET PET / Gl,5000,3.5,9.0,0,MET PET,Gloss,Stand Up Pouch,None,0.19566,0.14242,27.21,UNDER,251.62,48.77,342.41,69.28,712.08,10,280
2201,Master Pricing Grid / 3.5Wx4.5H / Bottom Fill / MET PET / Gl,10000,3.5,9.0,0,MET PET,Gloss,Stand Up Pouch,None,0.18259,0.1157,36.63,UNDER,460.76,97.53,460.17,138.56,1157.02,10,280
2201,Master Pricing Grid / 3.5Wx4.5H / Bottom Fill / MET PET / Gl,25000,3.5,9.0,0,MET PET,Gloss,Stand Up Pouch,None,0.17383,0.09901,43.04,UNDER,1088.19,234.45,806.14,346.4,2475.17,10,280
2201,Master Pricing Grid / 3.5Wx4.5H / Bottom Fill / MET PET / Gl,50000,3.5,9.0,0,MET PET,Gloss,Stand Up Pouch,None,0.16647,0.09479,43.06,UNDER,2133.9,468.89,1444.04,692.8,4739.63,10,280
2201,Master Pricing Grid / 3.5Wx4.5H / Bottom Fill / MET PET / Gl,100000,3.5,9.0,0,MET PET,Gloss,Stand Up Pouch,None,0.16051,0.09263,42.29,UNDER,4225.33,937.78,2713.82,1385.6,9262.53,10,280
2201,Master Pricing Grid / 3.5Wx4.5H / Bottom Fill / MET PET / Gl,250000,3.5,9.0,0,MET PET,Gloss,Stand Up Pouch,None,0.15853,0.09128,42.42,UNDER,10499.61,2344.46,6511.16,3464.0,22819.22,10,280
4958,Master Pricing Grid (M) / Core / 4.5W x 5H x 2D / 1148 / MET,5000,4.5,5.0,2.0,MET PET,Soft Touch,Stand Up Pouch,CR Zipper,0.26099,0.22058,15.48,UNDER,309.57,120.05,604.0,69.28,1102.9,8,288
4958,Master Pricing Grid (M) / Core / 4.5W x 5H x 2D / 1148 / MET,10000,4.5,5.0,2.0,MET PET,Soft Touch,Stand Up Pouch,CR Zipper,0.21262,0.18333,13.78,UNDER,576.35,235.08,883.28,138.56,1833.27,8,288
4958,Master Pricing Grid (M) / Core / 4.5W x 5H x 2D / 1148 / MET,25000,4.5,5.0,2.0,MET PET,Soft Touch,Stand Up Pouch,CR Zipper,0.18255,0.16087,11.88,UNDER,1377.54,587.79,1710.01,346.4,4021.73,8,288
4958,Master Pricing Grid (M) / Core / 4.5W x 5H x 2D / 1148 / MET,50000,4.5,5.0,2.0,MET PET,Soft Touch,Stand Up Pouch,CR Zipper,0.16692,0.15492,7.19,UNDER,2712.29,1175.39,3165.49,692.8,7745.98,8,288
4958,Master Pricing Grid (M) / Core / 4.5W x 5H x 2D / 1148 / MET,100000,4.5,5.0,2.0,MET PET,Soft Touch,Stand Up Pouch,CR Zipper,0.15596,0.15182,2.66,UNDER,5382.21,2350.79,6063.18,1385.6,15181.78,8,288
4958,Master Pricing Grid (M) / Core / 4.5W x 5H x 2D / 1148 / MET,250000,4.5,5.0,2.0,MET PET,Soft Touch,Stand Up Pouch,CR Zipper,0.15141,0.14985,1.03,UNDER,13391.99,5876.97,14728.77,3464.0,37461.72,8,288
