estimate,application,quantity,width,height,gusset,substrate,finish,seal_type,zipper,tear_notch,corners,cmykovg_colors,white_colors,actual_price,calc_price,error_pct,direction,hp_cost,thermo_cost,poucher_cost,total_cost,labels_per_cycle,gear_teeth,no_across,no_around,run_ft
4956,Master Pricing Grid (L) / Core / 4.5W x 5H x 2D / 1148 / MET,5000,4.5,5.0,2.0,MET PET,Matte,Stand Up Pouch,CR Zipper,Standard,Straight,4,1,0.25752,0.19428,24.56,UNDER,250.93,97.62,622.84,971.38,8,288,1,8,2016.0
4956,Master Pricing Grid (L) / Core / 4.5W x 5H x 2D / 1148 / MET,10000,4.5,5.0,2.0,MET PET,Matte,Stand Up Pouch,CR Zipper,Standard,Straight,4,1,0.20776,0.15269,26.51,UNDER,459.16,167.44,900.32,1526.92,8,288,1,8,3927.0
4956,Master Pricing Grid (L) / Core / 4.5W x 5H x 2D / 1148 / MET,25000,4.5,5.0,2.0,MET PET,Matte,Stand Up Pouch,CR Zipper,Standard,Straight,4,1,0.17686,0.12662,28.41,UNDER,1084.52,355.34,1725.69,3165.55,8,288,1,8,9666.0
4956,Master Pricing Grid (L) / Core / 4.5W x 5H x 2D / 1148 / MET,50000,4.5,5.0,2.0,MET PET,Matte,Stand Up Pouch,CR Zipper,Standard,Straight,4,1,0.16098,0.11986,25.54,UNDER,2126.35,685.5,3181.1,5992.95,8,288,1,8,19227.0
4956,Master Pricing Grid (L) / Core / 4.5W x 5H x 2D / 1148 / MET,100000,4.5,5.0,2.0,MET PET,Matte,Stand Up Pouch,CR Zipper,Standard,Straight,4,1,0.1499,0.11635,22.38,UNDER,4210.34,1345.92,6078.71,11634.97,8,288,1,8,38352.0
4956,Master Pricing Grid (L) / Core / 4.5W x 5H x 2D / 1148 / MET,250000,4.5,5.0,2.0,MET PET,Matte,Stand Up Pouch,CR Zipper,Standard,Straight,4,1,0.14529,0.11413,21.44,UNDER,10462.3,3327.16,14744.22,28533.68,8,288,1,8,95727.0
6479,Master Pricing Grid (L) / Sampler / 3.5Wx4.5H / 1164 / MET P,5000,3.5,4.5,0,MET PET,Gloss,3 Side Seal,CR Zipper,Standard,Straight,4,1,0.20449,0.15968,21.91,UNDER,206.05,76.72,515.64,798.41,10,280,1,10,1589.6
6479,Master Pricing Grid (L) / Sampler / 3.5Wx4.5H / 1164 / MET P,10000,3.5,4.5,0,MET PET,Gloss,3 Side Seal,CR Zipper,Standard,Straight,4,1,0.15991,0.12279,23.21,UNDER,369.61,126.6,731.67,1227.88,10,280,1,10,3077.1
6479,Master Pricing Grid (L) / Sampler / 3.5Wx4.5H / 1164 / MET P,25000,3.5,4.5,0,MET PET,Gloss,3 Side Seal,CR Zipper,Standard,Straight,4,1,0.13236,0.09972,24.66,UNDER,860.32,259.27,1373.44,2493.03,10,280,1,10,7539.6
6479,Master Pricing Grid (L) / Sampler / 3.5Wx4.5H / 1164 / MET P,50000,3.5,4.5,0,MET PET,Gloss,3 Side Seal,CR Zipper,Standard,Straight,4,1,0.11874,0.09355,21.21,UNDER,1678.17,493.83,2505.6,4677.61,10,280,1,10,14977.1
6479,Master Pricing Grid (L) / Sampler / 3.5Wx4.5H / 1164 / MET P,100000,3.5,4.5,0,MET PET,Gloss,3 Side Seal,CR Zipper,Standard,Straight,4,1,0.10952,0.09036,17.49,UNDER,3313.87,962.96,4759.3,9036.13,10,280,1,10,29852.1
6479,Master Pricing Grid (L) / Sampler / 3.5Wx4.5H / 1164 / MET P,250000,3.5,4.5,0,MET PET,Gloss,3 Side Seal,CR Zipper,Standard,Straight,4,1,0.10555,0.08836,16.28,UNDER,8220.96,2370.34,11499.14,22090.44,10,280,1,10,74477.1
6245,Vertpack Flower Bags Flex Pack 3 Side Bottom Fill 3.5W X 4.3,25000,3.5,4.3,0,MET PET,Soft Touch,3 Side Seal,CR Zipper,Standard,Straight,4,1,0.12827,0.10798,15.82,UNDER,860.32,485.73,1353.44,2699.49,10,280,1,10,7539.6
6245,Vertpack Flower Bags Flex Pack 3 Side Bottom Fill 3.5W X 4.3,50000,3.5,4.3,0,MET PET,Soft Touch,3 Side Seal,CR Zipper,Standard,Straight,4,1,0.11784,0.10213,13.33,UNDER,1678.17,942.94,2485.6,5106.72,10,280,1,10,14977.1
6245,Vertpack Flower Bags Flex Pack 3 Side Bottom Fill 3.5W X 4.3,60000,3.5,4.3,0,MET PET,Soft Touch,3 Side Seal,CR Zipper,Standard,Straight,4,1,0.11705,0.1012,13.54,UNDER,2005.31,1125.83,2940.75,6071.89,10,280,1,10,17952.1
6245,Vertpack Flower Bags Flex Pack 3 Side Bottom Fill 3.5W X 4.3,75000,3.5,4.3,0,MET PET,Soft Touch,3 Side Seal,CR Zipper,Standard,Straight,4,1,0.11628,0.10026,13.78,UNDER,2496.02,1400.16,3623.47,7519.65,10,280,1,10,22414.6
6245,Vertpack Flower Bags Flex Pack 3 Side Bottom Fill 3.5W X 4.3,100000,3.5,4.3,0,MET PET,Soft Touch,3 Side Seal,CR Zipper,Standard,Straight,4,1,0.11152,0.09911,11.13,UNDER,3313.87,1857.37,4739.3,9910.54,10,280,1,10,29852.1
6245,Vertpack Flower Bags Flex Pack 3 Side Bottom Fill 3.5W X 4.3,150000,3.5,4.3,0,MET PET,Soft Touch,3 Side Seal,CR Zipper,Standard,Straight,4,1,0.11071,0.09817,11.33,UNDER,4949.57,2771.8,7004.15,14725.52,10,280,1,10,44727.1
6240,Trulieve Clear ALOX RFP Cost Only,10000,5.5,4.75,2.0,ALOX PET,Soft Touch,Stand Up Pouch,CR Zipper,Standard,Rounded,4,1,0.22503,0.19184,14.75,UNDER,607.47,328.54,982.36,1918.37,6,264,1,6,4779.5
6240,Trulieve Clear ALOX RFP Cost Only,20000,5.5,4.75,2.0,ALOX PET,Soft Touch,Stand Up Pouch,CR Zipper,Standard,Rounded,4,1,0.20892,0.17378,16.82,UNDER,1171.09,603.45,1701.02,3475.55,6,264,1,6,9454.5
6240,Trulieve Clear ALOX RFP Cost Only,25000,5.5,4.75,2.0,ALOX PET,Soft Touch,Stand Up Pouch,CR Zipper,Standard,Rounded,4,1,0.19747,0.17042,13.7,UNDER,1452.9,747.14,2060.34,4260.38,6,264,1,6,11792.0
6240,Trulieve Clear ALOX RFP Cost Only,50000,5.5,4.75,2.0,ALOX PET,Soft Touch,Stand Up Pouch,CR Zipper,Standard,Rounded,4,1,0.19072,0.16334,14.36,UNDER,2861.95,1465.62,3839.51,8167.08,6,264,1,6,23479.5
6240,Trulieve Clear ALOX RFP Cost Only,75000,5.5,4.75,2.0,ALOX PET,Soft Touch,Stand Up Pouch,CR Zipper,Standard,Rounded,4,1,0.18237,0.16074,11.86,UNDER,4270.66,2183.93,5601.16,12055.75,6,264,1,6,35164.2
6240,Trulieve Clear ALOX RFP Cost Only,100000,5.5,4.75,2.0,ALOX PET,Soft Touch,Stand Up Pouch,CR Zipper,Standard,Rounded,4,1,0.18138,0.15964,11.99,UNDER,5680.05,2902.58,7381.1,15963.73,6,264,1,6,46854.5
4954,Master Pricing Grid (L) / Core / 4.5W x 5H x 2D / 1148 / MET,5000,4.5,5.0,2.0,MET PET,Gloss,Stand Up Pouch,CR Zipper,Standard,Straight,4,1,0.25295,0.19305,23.68,UNDER,250.93,91.51,622.84,965.27,8,288,1,8,2016.0
4954,Master Pricing Grid (L) / Core / 4.5W x 5H x 2D / 1148 / MET,10000,4.5,5.0,2.0,MET PET,Gloss,Stand Up Pouch,CR Zipper,Standard,Straight,4,1,0.20356,0.15151,25.57,UNDER,459.16,155.61,900.32,1515.09,8,288,1,8,3927.0
4954,Master Pricing Grid (L) / Core / 4.5W x 5H x 2D / 1148 / MET,25000,4.5,5.0,2.0,MET PET,Gloss,Stand Up Pouch,CR Zipper,Standard,Straight,4,1,0.17289,0.12546,27.43,UNDER,1084.52,326.33,1725.69,3136.54,8,288,1,8,9666.0
4954,Master Pricing Grid (L) / Core / 4.5W x 5H x 2D / 1148 / MET,50000,4.5,5.0,2.0,MET PET,Gloss,Stand Up Pouch,CR Zipper,Standard,Straight,4,1,0.15709,0.11871,24.43,UNDER,2126.35,627.87,3181.1,5935.32,8,288,1,8,19227.0
4954,Master Pricing Grid (L) / Core / 4.5W x 5H x 2D / 1148 / MET,100000,4.5,5.0,2.0,MET PET,Gloss,Stand Up Pouch,CR Zipper,Standard,Straight,4,1,0.14607,0.1152,21.13,UNDER,4210.34,1231.03,6078.71,11520.08,8,288,1,8,38352.0
4954,Master Pricing Grid (L) / Core / 4.5W x 5H x 2D / 1148 / MET,250000,4.5,5.0,2.0,MET PET,Gloss,Stand Up Pouch,CR Zipper,Standard,Straight,4,1,0.1415,0.11299,20.15,UNDER,10462.3,3040.51,14744.22,28247.04,8,288,1,8,95727.0
4957,Master Pricing Grid (H) / Core / 4.5W x 5H x 2D / 1148 / MET,5000,4.5,5.0,2.0,MET PET,Soft Touch,3 Side Seal,CR Zipper,Standard,Straight,4,1,0.2336,0.19958,14.56,UNDER,250.93,152.61,594.37,997.91,8,288,1,8,2016.0
4957,Master Pricing Grid (H) / Core / 4.5W x 5H x 2D / 1148 / MET,10000,4.5,5.0,2.0,MET PET,Soft Touch,3 Side Seal,CR Zipper,Standard,Straight,4,1,0.2,0.16067,19.67,UNDER,459.16,273.92,873.62,1606.7,8,288,1,8,3927.0
4957,Master Pricing Grid (H) / Core / 4.5W x 5H x 2D / 1148 / MET,25000,4.5,5.0,2.0,MET PET,Soft Touch,3 Side Seal,CR Zipper,Standard,Straight,4,1,0.17904,0.13605,24.01,UNDER,1084.52,616.45,1700.31,3401.28,8,288,1,8,9666.0
4957,Master Pricing Grid (H) / Core / 4.5W x 5H x 2D / 1148 / MET,50000,4.5,5.0,2.0,MET PET,Soft Touch,3 Side Seal,CR Zipper,Standard,Straight,4,1,0.1711,0.12973,24.18,UNDER,2126.35,1204.2,3155.8,6486.35,8,288,1,8,19227.0
4957,Master Pricing Grid (H) / Core / 4.5W x 5H x 2D / 1148 / MET,100000,4.5,5.0,2.0,MET PET,Soft Touch,3 Side Seal,CR Zipper,Standard,Straight,4,1,0.1679,0.12644,24.69,UNDER,4210.34,2379.9,6053.49,12643.72,8,288,1,8,38352.0
4957,Master Pricing Grid (H) / Core / 4.5W x 5H x 2D / 1148 / MET,250000,4.5,5.0,2.0,MET PET,Soft Touch,3 Side Seal,CR Zipper,Standard,Straight,4,1,0.16593,0.12435,25.06,UNDER,10462.3,5906.98,14719.07,31088.35,8,288,1,8,95727.0
4980,Master Pricing Grid (L) / Q / 6.5W x 5H x 2D / 1182 / CLR PE,5000,6.5,5.0,2.0,CLR PET,Soft Touch,Stand Up Pouch,CR Zipper,Standard,Straight,4,1,0.33958,0.25466,25.01,UNDER,345.01,205.73,722.57,1273.3,5,260,1,5,2862.7
4980,Master Pricing Grid (L) / Q / 6.5W x 5H x 2D / 1182 / CLR PE,10000,6.5,5.0,2.0,CLR PET,Soft Touch,Stand Up Pouch,CR Zipper,Standard,Straight,4,1,0.28819,0.21203,26.43,UNDER,647.78,368.04,1104.52,2120.35,5,260,1,5,5625.2
4980,Master Pricing Grid (L) / Q / 6.5W x 5H x 2D / 1182 / CLR PE,25000,6.5,5.0,2.0,CLR PET,Soft Touch,Stand Up Pouch,CR Zipper,Standard,Straight,4,1,0.25151,0.19207,23.63,UNDER,1556.1,877.51,2368.06,4801.68,5,260,1,5,13912.7
4980,Master Pricing Grid (L) / Q / 6.5W x 5H x 2D / 1182 / CLR PE,50000,6.5,5.0,2.0,CLR PET,Soft Touch,Stand Up Pouch,CR Zipper,Standard,Straight,4,1,0.23287,0.18515,20.49,UNDER,3069.98,1726.62,4460.69,9257.29,5,260,1,5,27725.2
4980,Master Pricing Grid (L) / Q / 6.5W x 5H x 2D / 1182 / CLR PE,100000,6.5,5.0,2.0,CLR PET,Soft Touch,Stand Up Pouch,CR Zipper,Standard,Straight,4,1,0.22557,0.18149,19.54,UNDER,6097.72,3424.85,8626.06,18148.63,5,260,1,5,55350.2
4980,Master Pricing Grid (L) / Q / 6.5W x 5H x 2D / 1182 / CLR PE,250000,6.5,5.0,2.0,CLR PET,Soft Touch,Stand Up Pouch,CR Zipper,Standard,Straight,4,1,0.21861,0.17913,18.06,UNDER,15180.95,8519.53,21082.39,44782.87,5,260,1,5,138225.2
4977,Master Pricing Grid (L) / Q / 6.5W x 5H x 2D / 1182 / CLR PE,5000,6.5,5.0,2.0,CLR PET,Matte,Stand Up Pouch,CR Zipper,Standard,Straight,4,1,0.326,0.2391,26.66,UNDER,345.01,127.92,722.57,1195.5,5,260,1,5,2862.7
4977,Master Pricing Grid (L) / Q / 6.5W x 5H x 2D / 1182 / CLR PE,10000,6.5,5.0,2.0,CLR PET,Matte,Stand Up Pouch,CR Zipper,Standard,Straight,4,1,0.27543,0.19681,28.54,UNDER,647.78,215.81,1104.52,1968.12,5,260,1,5,5625.2
4977,Master Pricing Grid (L) / Q / 6.5W x 5H x 2D / 1182 / CLR PE,25000,6.5,5.0,2.0,CLR PET,Matte,Stand Up Pouch,CR Zipper,Standard,Straight,4,1,0.23926,0.17705,26.0,UNDER,1556.1,501.99,2368.06,4426.15,5,260,1,5,13912.7
4977,Master Pricing Grid (L) / Q / 6.5W x 5H x 2D / 1182 / CLR PE,50000,6.5,5.0,2.0,CLR PET,Matte,Stand Up Pouch,CR Zipper,Standard,Straight,4,1,0.22083,0.17019,22.93,UNDER,3069.98,978.96,4460.69,8509.62,5,260,1,5,27725.2
4977,Master Pricing Grid (L) / Q / 6.5W x 5H x 2D / 1182 / CLR PE,100000,6.5,5.0,2.0,CLR PET,Matte,Stand Up Pouch,CR Zipper,Standard,Straight,4,1,0.21367,0.16657,22.04,UNDER,6097.72,1932.89,8626.06,16656.67,5,260,1,5,55350.2
4977,Master Pricing Grid (L) / Q / 6.5W x 5H x 2D / 1182 / CLR PE,250000,6.5,5.0,2.0,CLR PET,Matte,Stand Up Pouch,CR Zipper,Standard,Straight,4,1,0.20681,0.16423,20.59,UNDER,15180.95,4794.69,21082.39,41058.02,5,260,1,5,138225.2
4975,Master Pricing Grid (L) / Q / 6.5W x 5H x 2D / 1182 / CLR PE,5000,6.5,5.0,2.0,CLR PET,Gloss,Stand Up Pouch,CR Zipper,Standard,Straight,4,1,0.3185,0.23737,25.47,UNDER,345.01,119.28,722.57,1186.85,5,260,1,5,2862.7
4975,Master Pricing Grid (L) / Q / 6.5W x 5H x 2D / 1182 / CLR PE,10000,6.5,5.0,2.0,CLR PET,Gloss,Stand Up Pouch,CR Zipper,Standard,Straight,4,1,0.26838,0.19512,27.3,UNDER,647.78,198.9,1104.52,1951.2,5,260,1,5,5625.2
4975,Master Pricing Grid (L) / Q / 6.5W x 5H x 2D / 1182 / CLR PE,25000,6.5,5.0,2.0,CLR PET,Gloss,Stand Up Pouch,CR Zipper,Standard,Straight,4,1,0.2325,0.17538,24.57,UNDER,1556.1,460.27,2368.06,4384.43,5,260,1,5,13912.7
4975,Master Pricing Grid (L) / Q / 6.5W x 5H x 2D / 1182 / CLR PE,50000,6.5,5.0,2.0,CLR PET,Gloss,Stand Up Pouch,CR Zipper,Standard,Straight,4,1,0.21418,0.16853,21.31,UNDER,3069.98,895.88,4460.69,8426.55,5,260,1,5,27725.2
4975,Master Pricing Grid (L) / Q / 6.5W x 5H x 2D / 1182 / CLR PE,100000,6.5,5.0,2.0,CLR PET,Gloss,Stand Up Pouch,CR Zipper,Standard,Straight,4,1,0.20709,0.16491,20.37,UNDER,6097.72,1767.12,8626.06,16490.9,5,260,1,5,55350.2
4975,Master Pricing Grid (L) / Q / 6.5W x 5H x 2D / 1182 / CLR PE,250000,6.5,5.0,2.0,CLR PET,Gloss,Stand Up Pouch,CR Zipper,Standard,Straight,4,1,0.20029,0.16258,18.83,UNDER,15180.95,4380.82,21082.39,40644.15,5,260,1,5,138225.2
4973,Master Pricing Grid (L) / Q / 6.5W x 5H x 2D / 1182 / CLR PE,5000,6.5,5.0,2.0,MET PET,Soft Touch,Stand Up Pouch,CR Zipper,Standard,Straight,4,1,0.34176,0.25645,24.96,UNDER,353.94,205.73,722.57,1282.23,5,260,1,5,2862.7
4973,Master Pricing Grid (L) / Q / 6.5W x 5H x 2D / 1182 / CLR PE,10000,6.5,5.0,2.0,MET PET,Soft Touch,Stand Up Pouch,CR Zipper,Standard,Straight,4,1,0.29024,0.21379,26.34,UNDER,665.33,368.04,1104.52,2137.9,5,260,1,5,5625.2
4973,Master Pricing Grid (L) / Q / 6.5W x 5H x 2D / 1182 / CLR PE,25000,6.5,5.0,2.0,MET PET,Soft Touch,Stand Up Pouch,CR Zipper,Standard,Straight,4,1,0.25348,0.1938,23.54,UNDER,1599.51,877.51,2368.06,4845.08,5,260,1,5,13912.7
4973,Master Pricing Grid (L) / Q / 6.5W x 5H x 2D / 1182 / CLR PE,50000,6.5,5.0,2.0,MET PET,Soft Touch,Stand Up Pouch,CR Zipper,Standard,Straight,4,1,0.23486,0.18688,20.43,UNDER,3156.48,1726.62,4460.69,9343.79,5,260,1,5,27725.2
4973,Master Pricing Grid (L) / Q / 6.5W x 5H x 2D / 1182 / CLR PE,100000,6.5,5.0,2.0,MET PET,Soft Touch,Stand Up Pouch,CR Zipper,Standard,Straight,4,1,0.22754,0.18321,19.48,UNDER,6270.41,3424.85,8626.06,18321.32,5,260,1,5,55350.2
4973,Master Pricing Grid (L) / Q / 6.5W x 5H x 2D / 1182 / CLR PE,250000,6.5,5.0,2.0,MET PET,Soft Touch,Stand Up Pouch,CR Zipper,Standard,Straight,4,1,0.22054,0.18086,17.99,UNDER,15612.21,8519.53,21082.39,45214.13,5,260,1,5,138225.2
4970,Master Pricing Grid (L) / Q / 6.5W x 5H x 2D / 1182 / MET PE,5000,6.5,5.0,2.0,MET PET,Matte,Stand Up Pouch,CR Zipper,Standard,Straight,4,1,0.32818,0.24089,26.6,UNDER,353.94,127.92,722.57,1204.43,5,260,1,5,2862.7
4970,Master Pricing Grid (L) / Q / 6.5W x 5H x 2D / 1182 / MET PE,10000,6.5,5.0,2.0,MET PET,Matte,Stand Up Pouch,CR Zipper,Standard,Straight,4,1,0.27748,0.19857,28.44,UNDER,665.33,215.81,1104.52,1985.67,5,260,1,5,5625.2
4970,Master Pricing Grid (L) / Q / 6.5W x 5H x 2D / 1182 / MET PE,25000,6.5,5.0,2.0,MET PET,Matte,Stand Up Pouch,CR Zipper,Standard,Straight,4,1,0.24123,0.17878,25.89,UNDER,1599.51,501.99,2368.06,4469.56,5,260,1,5,13912.7
4970,Master Pricing Grid (L) / Q / 6.5W x 5H x 2D / 1182 / MET PE,50000,6.5,5.0,2.0,MET PET,Matte,Stand Up Pouch,CR Zipper,Standard,Straight,4,1,0.22282,0.17192,22.84,UNDER,3156.48,978.96,4460.69,8596.13,5,260,1,5,27725.2
4970,Master Pricing Grid (L) / Q / 6.5W x 5H x 2D / 1182 / MET PE,100000,6.5,5.0,2.0,MET PET,Matte,Stand Up Pouch,CR Zipper,Standard,Straight,4,1,0.21563,0.16829,21.95,UNDER,6270.41,1932.89,8626.06,16829.36,5,260,1,5,55350.2
4970,Master Pricing Grid (L) / Q / 6.5W x 5H x 2D / 1182 / MET PE,250000,6.5,5.0,2.0,MET PET,Matte,Stand Up Pouch,CR Zipper,Standard,Straight,4,1,0.20874,0.16596,20.5,UNDER,15612.21,4794.69,21082.39,41489.29,5,260,1,5,138225.2
4968,Master Pricing Grid (L) / Q / 6.5W x 5H x 2D / 1182 / MET PE,5000,6.5,5.0,2.0,MET PET,Gloss,Stand Up Pouch,CR Zipper,Standard,Straight,4,1,0.32191,0.23916,25.71,UNDER,353.94,119.28,722.57,1195.78,5,260,1,5,2862.7
4968,Master Pricing Grid (L) / Q / 6.5W x 5H x 2D / 1182 / MET PE,10000,6.5,5.0,2.0,MET PET,Gloss,Stand Up Pouch,CR Zipper,Standard,Straight,4,1,0.27159,0.19688,27.51,UNDER,665.33,198.9,1104.52,1968.75,5,260,1,5,5625.2
4968,Master Pricing Grid (L) / Q / 6.5W x 5H x 2D / 1182 / MET PE,25000,6.5,5.0,2.0,MET PET,Gloss,Stand Up Pouch,CR Zipper,Standard,Straight,4,1,0.23558,0.17711,24.82,UNDER,1599.51,460.27,2368.06,4427.84,5,260,1,5,13912.7
4968,Master Pricing Grid (L) / Q / 6.5W x 5H x 2D / 1182 / MET PE,50000,6.5,5.0,2.0,MET PET,Gloss,Stand Up Pouch,CR Zipper,Standard,Straight,4,1,0.21726,0.17026,21.63,UNDER,3156.48,895.88,4460.69,8513.05,5,260,1,5,27725.2
4968,Master Pricing Grid (L) / Q / 6.5W x 5H x 2D / 1182 / MET PE,100000,6.5,5.0,2.0,MET PET,Gloss,Stand Up Pouch,CR Zipper,Standard,Straight,4,1,0.21014,0.16664,20.7,UNDER,6270.41,1767.12,8626.06,16663.59,5,260,1,5,55350.2
4968,Master Pricing Grid (L) / Q / 6.5W x 5H x 2D / 1182 / MET PE,250000,6.5,5.0,2.0,MET PET,Gloss,Stand Up Pouch,CR Zipper,Standard,Straight,4,1,0.20329,0.1643,19.18,UNDER,15612.21,4380.82,21082.39,41075.41,5,260,1,5,138225.2
4966,Master Pricing Grid (L) / Core / 4.5W x 5H x 2D / 1148 / CLR,5000,4.5,5.0,2.0,CLR PET,Soft Touch,Stand Up Pouch,CR Zipper,Standard,Straight,4,1,0.26585,0.20402,23.26,UNDER,244.64,152.61,622.84,1020.08,8,288,1,8,2016.0
4966,Master Pricing Grid (L) / Core / 4.5W x 5H x 2D / 1148 / CLR,10000,4.5,5.0,2.0,CLR PET,Soft Touch,Stand Up Pouch,CR Zipper,Standard,Straight,4,1,0.21541,0.16211,24.74,UNDER,446.91,273.92,900.32,1621.15,8,288,1,8,3927.0
4966,Master Pricing Grid (L) / Core / 4.5W x 5H x 2D / 1148 / CLR,25000,4.5,5.0,2.0,CLR PET,Soft Touch,Stand Up Pouch,CR Zipper,Standard,Straight,4,1,0.18409,0.13586,26.2,UNDER,1054.36,616.45,1725.69,3396.5,8,288,1,8,9666.0
4966,Master Pricing Grid (L) / Core / 4.5W x 5H x 2D / 1148 / CLR,50000,4.5,5.0,2.0,CLR PET,Soft Touch,Stand Up Pouch,CR Zipper,Standard,Straight,4,1,0.16804,0.12903,23.21,UNDER,2066.36,1204.2,3181.1,6451.66,8,288,1,8,19227.0
4966,Master Pricing Grid (L) / Core / 4.5W x 5H x 2D / 1148 / CLR,100000,4.5,5.0,2.0,CLR PET,Soft Touch,Stand Up Pouch,CR Zipper,Standard,Straight,4,1,0.15687,0.12549,20.0,UNDER,4090.68,2379.9,6078.71,12549.29,8,288,1,8,38352.0
4966,Master Pricing Grid (L) / Core / 4.5W x 5H x 2D / 1148 / CLR,250000,4.5,5.0,2.0,CLR PET,Soft Touch,Stand Up Pouch,CR Zipper,Standard,Straight,4,1,0.15218,0.12326,19.0,UNDER,10163.63,5906.98,14744.22,30814.84,8,288,1,8,95727.0
4963,Master Pricing Grid (L) / Core / 4.5W x 5H x 2D / 1148 / CLR,5000,4.5,5.0,2.0,CLR PET,Matte,Stand Up Pouch,CR Zipper,Standard,Straight,4,1,0.25594,0.19302,24.58,UNDER,244.64,97.62,622.84,965.09,8,288,1,8,2016.0
4963,Master Pricing Grid (L) / Core / 4.5W x 5H x 2D / 1148 / CLR,10000,4.5,5.0,2.0,CLR PET,Matte,Stand Up Pouch,CR Zipper,Standard,Straight,4,1,0.2063,0.15147,26.58,UNDER,446.91,167.44,900.32,1514.67,8,288,1,8,3927.0
4963,Master Pricing Grid (L) / Core / 4.5W x 5H x 2D / 1148 / CLR,25000,4.5,5.0,2.0,CLR PET,Matte,Stand Up Pouch,CR Zipper,Standard,Straight,4,1,0.17548,0.12542,28.53,UNDER,1054.36,355.34,1725.69,3135.39,8,288,1,8,9666.0
4963,Master Pricing Grid (L) / Core / 4.5W x 5H x 2D / 1148 / CLR,50000,4.5,5.0,2.0,CLR PET,Matte,Stand Up Pouch,CR Zipper,Standard,Straight,4,1,0.15962,0.11866,25.66,UNDER,2066.36,685.5,3181.1,5932.96,8,288,1,8,19227.0
4963,Master Pricing Grid (L) / Core / 4.5W x 5H x 2D / 1148 / CLR,100000,4.5,5.0,2.0,CLR PET,Matte,Stand Up Pouch,CR Zipper,Standard,Straight,4,1,0.14856,0.11515,22.49,UNDER,4090.68,1345.92,6078.71,11515.31,8,288,1,8,38352.0
4963,Master Pricing Grid (L) / Core / 4.5W x 5H x 2D / 1148 / CLR,250000,4.5,5.0,2.0,CLR PET,Matte,Stand Up Pouch,CR Zipper,Standard,Straight,4,1,0.14396,0.11294,21.55,UNDER,10163.63,3327.16,14744.22,28235.01,8,288,1,8,95727.0
4961,Master Pricing Grid (L) / Core / 4.5W x 5H x 2D / 1148 / CLR,5000,4.5,5.0,2.0,CLR PET,Gloss,Stand Up Pouch,CR Zipper,Standard,Straight,4,1,0.25136,0.1918,23.7,UNDER,244.64,91.51,622.84,958.98,8,288,1,8,2016.0
4961,Master Pricing Grid (L) / Core / 4.5W x 5H x 2D / 1148 / CLR,10000,4.5,5.0,2.0,CLR PET,Gloss,Stand Up Pouch,CR Zipper,Standard,Straight,4,1,0.2021,0.15028,25.64,UNDER,446.91,155.61,900.32,1502.84,8,288,1,8,3927.0
4961,Master Pricing Grid (L) / Core / 4.5W x 5H x 2D / 1148 / CLR,25000,4.5,5.0,2.0,CLR PET,Gloss,Stand Up Pouch,CR Zipper,Standard,Straight,4,1,0.17151,0.12426,27.55,UNDER,1054.36,326.33,1725.69,3106.38,8,288,1,8,9666.0
4961,Master Pricing Grid (L) / Core / 4.5W x 5H x 2D / 1148 / CLR,50000,4.5,5.0,2.0,CLR PET,Gloss,Stand Up Pouch,CR Zipper,Standard,Straight,4,1,0.15574,0.11751,24.55,UNDER,2066.36,627.87,3181.1,5875.33,8,288,1,8,19227.0
4961,Master Pricing Grid (L) / Core / 4.5W x 5H x 2D / 1148 / CLR,100000,4.5,5.0,2.0,CLR PET,Gloss,Stand Up Pouch,CR Zipper,Standard,Straight,4,1,0.14473,0.114,21.23,UNDER,4090.68,1231.03,6078.71,11400.42,8,288,1,8,38352.0
4961,Master Pricing Grid (L) / Core / 4.5W x 5H x 2D / 1148 / CLR,250000,4.5,5.0,2.0,CLR PET,Gloss,Stand Up Pouch,CR Zipper,Standard,Straight,4,1,0.14017,0.11179,20.24,UNDER,10163.63,3040.51,14744.22,27948.37,8,288,1,8,95727.0
6015,Master Pricing Grid (L) / Mod / 3.5Wx 6H / 1192 / CLR PET / ,5000,3.5,6.0,0,CLR PET,Soft Touch,3 Side Seal,CR Zipper,Standard,Rounded,4,1,0.22,0.17408,20.87,UNDER,201.09,125.05,544.26,870.4,10,280,1,10,1589.6
6015,Master Pricing Grid (L) / Mod / 3.5Wx 6H / 1192 / CLR PET / ,10000,3.5,6.0,0,CLR PET,Soft Touch,3 Side Seal,CR Zipper,Standard,Rounded,4,1,0.1744,0.13393,23.2,UNDER,360.01,219.46,759.85,1339.32,10,280,1,10,3077.1
6015,Master Pricing Grid (L) / Mod / 3.5Wx 6H / 1192 / CLR PET / ,25000,3.5,6.0,0,CLR PET,Soft Touch,3 Side Seal,CR Zipper,Standard,Rounded,4,1,0.14633,0.10895,25.54,UNDER,836.8,485.73,1401.28,2723.81,10,280,1,10,7539.6
6015,Master Pricing Grid (L) / Mod / 3.5Wx 6H / 1192 / CLR PET / ,50000,3.5,6.0,0,CLR PET,Soft Touch,3 Side Seal,CR Zipper,Standard,Rounded,4,1,0.13257,0.10216,22.94,UNDER,1631.44,942.94,2533.43,5107.81,10,280,1,10,14977.1
6015,Master Pricing Grid (L) / Mod / 3.5Wx 6H / 1192 / CLR PET / ,100000,3.5,6.0,0,CLR PET,Soft Touch,3 Side Seal,CR Zipper,Standard,Rounded,4,1,0.12324,0.09865,19.95,UNDER,3220.73,1857.37,4787.11,9865.21,10,280,1,10,29852.1
6015,Master Pricing Grid (L) / Mod / 3.5Wx 6H / 1192 / CLR PET / ,250000,3.5,6.0,0,CLR PET,Soft Touch,3 Side Seal,CR Zipper,Standard,Rounded,4,1,0.1192,0.09646,19.07,UNDER,7988.59,4600.66,11526.93,24116.18,10,280,1,10,74477.1
6014,Master Pricing Grid (L) / Mod / 3.5W x 6H / 1192 / CLR PET /,5000,3.5,6.0,0,CLR PET,Matte,3 Side Seal,CR Zipper,Standard,Rounded,4,1,0.21237,0.16538,22.13,UNDER,201.09,81.55,544.26,826.9,10,280,1,10,1589.6
6014,Master Pricing Grid (L) / Mod / 3.5W x 6H / 1192 / CLR PET /,10000,3.5,6.0,0,CLR PET,Matte,3 Side Seal,CR Zipper,Standard,Rounded,4,1,0.16735,0.12557,24.96,UNDER,360.01,135.88,759.85,1255.74,10,280,1,10,3077.1
6014,Master Pricing Grid (L) / Mod / 3.5W x 6H / 1192 / CLR PET /,25000,3.5,6.0,0,CLR PET,Matte,3 Side Seal,CR Zipper,Standard,Rounded,4,1,0.13964,0.1008,27.81,UNDER,836.8,281.92,1401.28,2520.0,10,280,1,10,7539.6
6014,Master Pricing Grid (L) / Mod / 3.5W x 6H / 1192 / CLR PET /,50000,3.5,6.0,0,CLR PET,Matte,3 Side Seal,CR Zipper,Standard,Rounded,4,1,0.12603,0.09407,25.36,UNDER,1631.44,538.74,2533.43,4703.61,10,280,1,10,14977.1
6014,Master Pricing Grid (L) / Mod / 3.5W x 6H / 1192 / CLR PET /,100000,3.5,6.0,0,CLR PET,Matte,3 Side Seal,CR Zipper,Standard,Rounded,4,1,0.11679,0.0906,22.42,UNDER,3220.73,1052.4,4787.11,9060.24,10,280,1,10,29852.1
6014,Master Pricing Grid (L) / Mod / 3.5W x 6H / 1192 / CLR PET /,250000,3.5,6.0,0,CLR PET,Matte,3 Side Seal,CR Zipper,Standard,Rounded,4,1,0.11281,0.08844,21.61,UNDER,7988.59,2593.37,11526.93,22108.89,10,280,1,10,74477.1
6013,Master Pricing Grid (L) / Mod / 3.5Wx6H / 1192 / CLR PET / G,5000,3.5,6.0,0,CLR PET,Gloss,3 Side Seal,CR Zipper,Standard,Straight,4,1,0.20884,0.15869,24.01,UNDER,201.09,76.72,515.64,793.45,10,280,1,10,1589.6
6013,Master Pricing Grid (L) / Mod / 3.5Wx6H / 1192 / CLR PET / G,10000,3.5,6.0,0,CLR PET,Gloss,3 Side Seal,CR Zipper,Standard,Straight,4,1,0.1641,0.12183,25.76,UNDER,360.01,126.6,731.67,1218.28,10,280,1,10,3077.1
6013,Master Pricing Grid (L) / Mod / 3.5Wx6H / 1192 / CLR PET / G,25000,3.5,6.0,0,CLR PET,Gloss,3 Side Seal,CR Zipper,Standard,Straight,4,1,0.13656,0.09878,27.67,UNDER,836.8,259.27,1373.44,2469.51,10,280,1,10,7539.6
6013,Master Pricing Grid (L) / Mod / 3.5Wx6H / 1192 / CLR PET / G,50000,3.5,6.0,0,CLR PET,Gloss,3 Side Seal,CR Zipper,Standard,Straight,4,1,0.12301,0.09262,24.71,UNDER,1631.44,493.83,2505.6,4630.88,10,280,1,10,14977.1
6013,Master Pricing Grid (L) / Mod / 3.5Wx6H / 1192 / CLR PET / G,100000,3.5,6.0,0,CLR PET,Gloss,3 Side Seal,CR Zipper,Standard,Straight,4,1,0.11381,0.08943,21.42,UNDER,3220.73,962.96,4759.3,8942.99,10,280,1,10,29852.1
6013,Master Pricing Grid (L) / Mod / 3.5Wx6H / 1192 / CLR PET / G,250000,3.5,6.0,0,CLR PET,Gloss,3 Side Seal,CR Zipper,Standard,Straight,4,1,0.10986,0.08743,20.41,UNDER,7988.59,2370.34,11499.14,21858.07,10,280,1,10,74477.1
5001,Master Pricing Grid (L) / Mod / 3.5Wx 6H / 1192 / MET PET / ,5000,3.5,6.0,0,MET PET,Soft Touch,3 Side Seal,CR Zipper,Standard,Rounded,4,1,0.22122,0.17507,20.86,UNDER,206.05,125.05,544.26,875.36,10,280,1,10,1589.6
5001,Master Pricing Grid (L) / Mod / 3.5Wx 6H / 1192 / MET PET / ,10000,3.5,6.0,0,MET PET,Soft Touch,3 Side Seal,CR Zipper,Standard,Rounded,4,1,0.17554,0.13489,23.16,UNDER,369.61,219.46,759.85,1348.92,10,280,1,10,3077.1
5001,Master Pricing Grid (L) / Mod / 3.5Wx 6H / 1192 / MET PET / ,25000,3.5,6.0,0,MET PET,Soft Touch,3 Side Seal,CR Zipper,Standard,Rounded,4,1,0.1475,0.10989,25.5,UNDER,860.32,485.73,1401.28,2747.33,10,280,1,10,7539.6
5001,Master Pricing Grid (L) / Mod / 3.5Wx 6H / 1192 / MET PET / ,50000,3.5,6.0,0,MET PET,Soft Touch,3 Side Seal,CR Zipper,Standard,Rounded,4,1,0.13368,0.10309,22.88,UNDER,1678.17,942.94,2533.43,5154.54,10,280,1,10,14977.1
5001,Master Pricing Grid (L) / Mod / 3.5Wx 6H / 1192 / MET PET / ,100000,3.5,6.0,0,MET PET,Soft Touch,3 Side Seal,CR Zipper,Standard,Rounded,4,1,0.12431,0.09958,19.89,UNDER,3313.87,1857.37,4787.11,9958.35,10,280,1,10,29852.1
5001,Master Pricing Grid (L) / Mod / 3.5Wx 6H / 1192 / MET PET / ,250000,3.5,6.0,0,MET PET,Soft Touch,3 Side Seal,CR Zipper,Standard,Rounded,4,1,0.12025,0.09739,19.01,UNDER,8220.96,4600.66,11526.93,24348.55,10,280,1,10,74477.1
4998,Master Pricing Grid (L) / Mod / 3.5W x 6H / 1192 / MET PET /,5000,3.5,6.0,0,MET PET,Matte,3 Side Seal,CR Zipper,Standard,Rounded,4,1,0.21358,0.16637,22.1,UNDER,206.05,81.55,544.26,831.86,10,280,1,10,1589.6
4998,Master Pricing Grid (L) / Mod / 3.5W x 6H / 1192 / MET PET /,10000,3.5,6.0,0,MET PET,Matte,3 Side Seal,CR Zipper,Standard,Rounded,4,1,0.16848,0.12653,24.9,UNDER,369.61,135.88,759.85,1265.34,10,280,1,10,3077.1
4998,Master Pricing Grid (L) / Mod / 3.5W x 6H / 1192 / MET PET /,25000,3.5,6.0,0,MET PET,Matte,3 Side Seal,CR Zipper,Standard,Rounded,4,1,0.14082,0.10174,27.75,UNDER,860.32,281.92,1401.28,2543.52,10,280,1,10,7539.6
4998,Master Pricing Grid (L) / Mod / 3.5W x 6H / 1192 / MET PET /,50000,3.5,6.0,0,MET PET,Matte,3 Side Seal,CR Zipper,Standard,Rounded,4,1,0.12713,0.09501,25.27,UNDER,1678.17,538.74,2533.43,4750.34,10,280,1,10,14977.1
4998,Master Pricing Grid (L) / Mod / 3.5W x 6H / 1192 / MET PET /,100000,3.5,6.0,0,MET PET,Matte,3 Side Seal,CR Zipper,Standard,Rounded,4,1,0.11785,0.09153,22.33,UNDER,3313.87,1052.4,4787.11,9153.38,10,280,1,10,29852.1
4998,Master Pricing Grid (L) / Mod / 3.5W x 6H / 1192 / MET PET /,250000,3.5,6.0,0,MET PET,Matte,3 Side Seal,CR Zipper,Standard,Rounded,4,1,0.11386,0.08937,21.51,UNDER,8220.96,2593.37,11526.93,22341.26,10,280,1,10,74477.1
4996,Master Pricing Grid (L) / Mod / 3.5Wx6H / 1192 / MET PET / G,5000,3.5,6.0,0,MET PET,Gloss,3 Side Seal,CR Zipper,Standard,Straight,4,1,0.21006,0.15968,23.98,UNDER,206.05,76.72,515.64,798.41,10,280,1,10,1589.6
4996,Master Pricing Grid (L) / Mod / 3.5Wx6H / 1192 / MET PET / G,10000,3.5,6.0,0,MET PET,Gloss,3 Side Seal,CR Zipper,Standard,Straight,4,1,0.16523,0.12279,25.69,UNDER,369.61,126.6,731.67,1227.88,10,280,1,10,3077.1
4996,Master Pricing Grid (L) / Mod / 3.5Wx6H / 1192 / MET PET / G,25000,3.5,6.0,0,MET PET,Gloss,3 Side Seal,CR Zipper,Standard,Straight,4,1,0.13773,0.09972,27.6,UNDER,860.32,259.27,1373.44,2493.03,10,280,1,10,7539.6
4996,Master Pricing Grid (L) / Mod / 3.5Wx6H / 1192 / MET PET / G,50000,3.5,6.0,0,MET PET,Gloss,3 Side Seal,CR Zipper,Standard,Straight,4,1,0.12411,0.09355,24.62,UNDER,1678.17,493.83,2505.6,4677.61,10,280,1,10,14977.1
4996,Master Pricing Grid (L) / Mod / 3.5Wx6H / 1192 / MET PET / G,100000,3.5,6.0,0,MET PET,Gloss,3 Side Seal,CR Zipper,Standard,Straight,4,1,0.11487,0.09036,21.34,UNDER,3313.87,962.96,4759.3,9036.13,10,280,1,10,29852.1
4996,Master Pricing Grid (L) / Mod / 3.5Wx6H / 1192 / MET PET / G,250000,3.5,6.0,0,MET PET,Gloss,3 Side Seal,CR Zipper,Standard,Straight,4,1,0.11091,0.08836,20.33,UNDER,8220.96,2370.34,11499.14,22090.44,10,280,1,10,74477.1
4994,Master Pricing Grid (L) / Mini / 2.5W x 5H x 2D / 1179 / CLR,5000,2.5,5.0,2.0,CLR PET,Soft Touch,Stand Up Pouch,CR Zipper,Standard,Straight,4,1,0.1984,0.1433,27.77,UNDER,153.0,97.65,465.83,716.48,15,300,1,15,1165.6
4994,Master Pricing Grid (L) / Mini / 2.5W x 5H x 2D / 1179 / CLR,10000,2.5,5.0,2.0,CLR PET,Soft Touch,Stand Up Pouch,CR Zipper,Standard,Straight,4,1,0.14223,0.10469,26.39,UNDER,263.98,166.32,616.58,1046.89,15,300,1,15,2228.1
4994,Master Pricing Grid (L) / Mini / 2.5W x 5H x 2D / 1179 / CLR,25000,2.5,5.0,2.0,CLR PET,Soft Touch,Stand Up Pouch,CR Zipper,Standard,Straight,4,1,0.10934,0.08098,25.94,UNDER,596.92,355.16,1072.31,2024.39,15,300,1,15,5415.6
4994,Master Pricing Grid (L) / Mini / 2.5W x 5H x 2D / 1179 / CLR,50000,2.5,5.0,2.0,CLR PET,Soft Touch,Stand Up Pouch,CR Zipper,Standard,Straight,4,1,0.10073,0.07445,26.09,UNDER,1151.82,681.74,1888.96,3722.52,15,300,1,15,10728.1
4994,Master Pricing Grid (L) / Mini / 2.5W x 5H x 2D / 1179 / CLR,100000,2.5,5.0,2.0,CLR PET,Soft Touch,Stand Up Pouch,CR Zipper,Standard,Straight,4,1,0.09229,0.07103,23.04,UNDER,2261.63,1334.9,3506.37,7102.91,15,300,1,15,21353.1
4994,Master Pricing Grid (L) / Mini / 2.5W x 5H x 2D / 1179 / CLR,250000,2.5,5.0,2.0,CLR PET,Soft Touch,Stand Up Pouch,CR Zipper,Standard,Straight,4,1,0.08471,0.06876,18.83,UNDER,5591.03,3294.4,8304.51,17189.94,15,300,1,15,53228.1
4991,Master Pricing Grid (L) / Mini / 2.5W x 5H x 2D / 1179 / CLR,5000,2.5,5.0,2.0,CLR PET,Matte,Stand Up Pouch,CR Zipper,Standard,Straight,4,1,0.19219,0.13688,28.78,UNDER,153.0,65.57,465.83,684.41,15,300,1,15,1165.6
4991,Master Pricing Grid (L) / Mini / 2.5W x 5H x 2D / 1179 / CLR,10000,2.5,5.0,2.0,CLR PET,Matte,Stand Up Pouch,CR Zipper,Standard,Straight,4,1,0.13681,0.09862,27.92,UNDER,263.98,105.62,616.58,986.18,15,300,1,15,2228.1
4991,Master Pricing Grid (L) / Mini / 2.5W x 5H x 2D / 1179 / CLR,25000,2.5,5.0,2.0,CLR PET,Matte,Stand Up Pouch,CR Zipper,Standard,Straight,4,1,0.10442,0.07511,28.07,UNDER,596.92,208.57,1072.31,1877.8,15,300,1,15,5415.6
4991,Master Pricing Grid (L) / Mini / 2.5W x 5H x 2D / 1179 / CLR,50000,2.5,5.0,2.0,CLR PET,Matte,Stand Up Pouch,CR Zipper,Standard,Straight,4,1,0.09596,0.06866,28.45,UNDER,1151.82,392.02,1888.96,3432.8,15,300,1,15,10728.1
4991,Master Pricing Grid (L) / Mini / 2.5W x 5H x 2D / 1179 / CLR,100000,2.5,5.0,2.0,CLR PET,Matte,Stand Up Pouch,CR Zipper,Standard,Straight,4,1,0.08762,0.06527,25.51,UNDER,2261.63,758.92,3506.37,6526.92,15,300,1,15,21353.1
4991,Master Pricing Grid (L) / Mini / 2.5W x 5H x 2D / 1179 / CLR,250000,2.5,5.0,2.0,CLR PET,Matte,Stand Up Pouch,CR Zipper,Standard,Straight,4,1,0.08013,0.06302,21.35,UNDER,5591.03,1859.61,8304.51,15755.16,15,300,1,15,53228.1
4989,Master Pricing Grid (L) / Mini / 2.5W x 5H x 2D / 1179 / CLR,5000,2.5,5.0,2.0,CLR PET,Gloss,Stand Up Pouch,CR Zipper,Standard,Straight,4,1,0.18933,0.13617,28.08,UNDER,153.0,62.01,465.83,680.84,15,300,1,15,1165.6
4989,Master Pricing Grid (L) / Mini / 2.5W x 5H x 2D / 1179 / CLR,10000,2.5,5.0,2.0,CLR PET,Gloss,Stand Up Pouch,CR Zipper,Standard,Straight,4,1,0.13431,0.09794,27.08,UNDER,263.98,98.87,616.58,979.44,15,300,1,15,2228.1
4989,Master Pricing Grid (L) / Mini / 2.5W x 5H x 2D / 1179 / CLR,25000,2.5,5.0,2.0,CLR PET,Gloss,Stand Up Pouch,CR Zipper,Standard,Straight,4,1,0.10215,0.07446,27.11,UNDER,596.92,192.29,1072.31,1861.52,15,300,1,15,5415.6
4989,Master Pricing Grid (L) / Mini / 2.5W x 5H x 2D / 1179 / CLR,50000,2.5,5.0,2.0,CLR PET,Gloss,Stand Up Pouch,CR Zipper,Standard,Straight,4,1,0.09376,0.06801,27.46,UNDER,1151.82,359.83,1888.96,3400.61,15,300,1,15,10728.1
4989,Master Pricing Grid (L) / Mini / 2.5W x 5H x 2D / 1179 / CLR,100000,2.5,5.0,2.0,CLR PET,Gloss,Stand Up Pouch,CR Zipper,Standard,Straight,4,1,0.08547,0.06463,24.38,UNDER,2261.63,694.92,3506.37,6462.92,15,300,1,15,21353.1
4989,Master Pricing Grid (L) / Mini / 2.5W x 5H x 2D / 1179 / CLR,250000,2.5,5.0,2.0,CLR PET,Gloss,Stand Up Pouch,CR Zipper,Standard,Straight,4,1,0.07802,0.06238,20.04,UNDER,5591.03,1700.19,8304.51,15595.73,15,300,1,15,53228.1
4987,Master Pricing Grid (L) / Mini / 2.5W x 5H x 2D / 1179 / MET,5000,2.5,5.0,2.0,MET PET,Soft Touch,Stand Up Pouch,CR Zipper,Standard,Straight,4,1,0.19939,0.14402,27.77,UNDER,156.64,97.65,465.83,720.12,15,300,1,15,1165.6
4987,Master Pricing Grid (L) / Mini / 2.5W x 5H x 2D / 1179 / MET,10000,2.5,5.0,2.0,MET PET,Soft Touch,Stand Up Pouch,CR Zipper,Standard,Straight,4,1,0.14309,0.10538,26.35,UNDER,270.93,166.32,616.58,1053.84,15,300,1,15,2228.1
4987,Master Pricing Grid (L) / Mini / 2.5W x 5H x 2D / 1179 / MET,25000,2.5,5.0,2.0,MET PET,Soft Touch,Stand Up Pouch,CR Zipper,Standard,Straight,4,1,0.11013,0.08165,25.86,UNDER,613.82,355.16,1072.31,2041.29,15,300,1,15,5415.6
4987,Master Pricing Grid (L) / Mini / 2.5W x 5H x 2D / 1179 / MET,50000,2.5,5.0,2.0,MET PET,Soft Touch,Stand Up Pouch,CR Zipper,Standard,Straight,4,1,0.1015,0.07512,25.99,UNDER,1185.3,681.74,1888.96,3755.99,15,300,1,15,10728.1
4987,Master Pricing Grid (L) / Mini / 2.5W x 5H x 2D / 1179 / MET,100000,2.5,5.0,2.0,MET PET,Soft Touch,Stand Up Pouch,CR Zipper,Standard,Straight,4,1,0.09304,0.0717,22.94,UNDER,2328.25,1334.9,3506.37,7169.53,15,300,1,15,21353.1
4987,Master Pricing Grid (L) / Mini / 2.5W x 5H x 2D / 1179 / MET,250000,2.5,5.0,2.0,MET PET,Soft Touch,Stand Up Pouch,CR Zipper,Standard,Straight,4,1,0.08546,0.06942,18.76,UNDER,5757.11,3294.4,8304.51,17356.01,15,300,1,15,53228.1
4984,Master Pricing Grid (L) / Mini / 2.5W x 5H x 2D / 1179 / MET,5000,2.5,5.0,2.0,MET PET,Matte,Stand Up Pouch,CR Zipper,Standard,Straight,4,1,0.19318,0.13761,28.77,UNDER,156.64,65.57,465.83,688.04,15,300,1,15,1165.6
4984,Master Pricing Grid (L) / Mini / 2.5W x 5H x 2D / 1179 / MET,10000,2.5,5.0,2.0,MET PET,Matte,Stand Up Pouch,CR Zipper,Standard,Straight,4,1,0.13768,0.09931,27.87,UNDER,270.93,105.62,616.58,993.13,15,300,1,15,2228.1
4984,Master Pricing Grid (L) / Mini / 2.5W x 5H x 2D / 1179 / MET,25000,2.5,5.0,2.0,MET PET,Matte,Stand Up Pouch,CR Zipper,Standard,Straight,4,1,0.10521,0.07579,27.97,UNDER,613.82,208.57,1072.31,1894.7,15,300,1,15,5415.6
4984,Master Pricing Grid (L) / Mini / 2.5W x 5H x 2D / 1179 / MET,50000,2.5,5.0,2.0,MET PET,Matte,Stand Up Pouch,CR Zipper,Standard,Straight,4,1,0.09673,0.06933,28.33,UNDER,1185.3,392.02,1888.96,3466.28,15,300,1,15,10728.1
4984,Master Pricing Grid (L) / Mini / 2.5W x 5H x 2D / 1179 / MET,100000,2.5,5.0,2.0,MET PET,Matte,Stand Up Pouch,CR Zipper,Standard,Straight,4,1,0.08837,0.06594,25.39,UNDER,2328.25,758.92,3506.37,6593.54,15,300,1,15,21353.1
4984,Master Pricing Grid (L) / Mini / 2.5W x 5H x 2D / 1179 / MET,250000,2.5,5.0,2.0,MET PET,Matte,Stand Up Pouch,CR Zipper,Standard,Straight,4,1,0.08088,0.06368,21.26,UNDER,5757.11,1859.61,8304.51,15921.23,15,300,1,15,53228.1
4982,Master Pricing Grid (L) / Mini / 2.5W x 5H x 2D / 1179 / MET,5000,2.5,5.0,2.0,MET PET,Gloss,Stand Up Pouch,CR Zipper,Standard,Straight,4,1,0.19032,0.1369,28.07,UNDER,156.64,62.01,465.83,684.48,15,300,1,15,1165.6
4982,Master Pricing Grid (L) / Mini / 2.5W x 5H x 2D / 1179 / MET,10000,2.5,5.0,2.0,MET PET,Gloss,Stand Up Pouch,CR Zipper,Standard,Straight,4,1,0.13517,0.09864,27.03,UNDER,270.93,98.87,616.58,986.39,15,300,1,15,2228.1
4982,Master Pricing Grid (L) / Mini / 2.5W x 5H x 2D / 1179 / MET,25000,2.5,5.0,2.0,MET PET,Gloss,Stand Up Pouch,CR Zipper,Standard,Straight,4,1,0.10294,0.07514,27.01,UNDER,613.82,192.29,1072.31,1878.41,15,300,1,15,5415.6
4982,Master Pricing Grid (L) / Mini / 2.5W x 5H x 2D / 1179 / MET,50000,2.5,5.0,2.0,MET PET,Gloss,Stand Up Pouch,CR Zipper,Standard,Straight,4,1,0.09453,0.06868,27.34,UNDER,1185.3,359.83,1888.96,3434.08,15,300,1,15,10728.1
4982,Master Pricing Grid (L) / Mini / 2.5W x 5H x 2D / 1179 / MET,100000,2.5,5.0,2.0,MET PET,Gloss,Stand Up Pouch,CR Zipper,Standard,Straight,4,1,0.08622,0.0653,24.27,UNDER,2328.25,694.92,3506.37,6529.54,15,300,1,15,21353.1
4982,Master Pricing Grid (L) / Mini / 2.5W x 5H x 2D / 1179 / MET,250000,2.5,5.0,2.0,MET PET,Gloss,Stand Up Pouch,CR Zipper,Standard,Straight,4,1,0.07877,0.06305,19.96,UNDER,5757.11,1700.19,8304.51,15761.81,15,300,1,15,53228.1
4951,Master Pricing Grid (L) / Sampler / 3.5Wx4.5H / 1164 / MET P,5000,3.5,4.5,0,CLR PET,Soft Touch,3 Side Seal,CR Zipper,Standard,Straight,4,1,0.21444,0.16836,21.49,UNDER,201.09,125.05,515.64,841.78,10,280,1,10,1589.6
4951,Master Pricing Grid (L) / Sampler / 3.5Wx4.5H / 1164 / MET P,10000,3.5,4.5,0,CLR PET,Soft Touch,3 Side Seal,CR Zipper,Standard,Straight,4,1,0.16909,0.13111,22.46,UNDER,360.01,219.46,731.67,1311.15,10,280,1,10,3077.1
4951,Master Pricing Grid (L) / Sampler / 3.5Wx4.5H / 1164 / MET P,25000,3.5,4.5,0,CLR PET,Soft Touch,3 Side Seal,CR Zipper,Standard,Straight,4,1,0.14106,0.10784,23.55,UNDER,836.8,485.73,1373.44,2695.96,10,280,1,10,7539.6
4951,Master Pricing Grid (L) / Sampler / 3.5Wx4.5H / 1164 / MET P,50000,3.5,4.5,0,CLR PET,Soft Touch,3 Side Seal,CR Zipper,Standard,Straight,4,1,0.12726,0.1016,20.16,UNDER,1631.44,942.94,2505.6,5079.99,10,280,1,10,14977.1
4951,Master Pricing Grid (L) / Sampler / 3.5Wx4.5H / 1164 / MET P,100000,3.5,4.5,0,CLR PET,Soft Touch,3 Side Seal,CR Zipper,Standard,Straight,4,1,0.11793,0.09837,16.58,UNDER,3220.73,1857.37,4759.3,9837.4,10,280,1,10,29852.1
4951,Master Pricing Grid (L) / Sampler / 3.5Wx4.5H / 1164 / MET P,250000,3.5,4.5,0,CLR PET,Soft Touch,3 Side Seal,CR Zipper,Standard,Straight,4,1,0.11387,0.09635,15.38,UNDER,7988.59,4600.66,11499.14,24088.4,10,280,1,10,74477.1
4948,Master Pricing Grid (H) / Sampler / 3.5Wx4.5H / 1164 / CLR P,5000,3.5,4.5,0,CLR PET,Gloss,3 Side Seal,CR Zipper,Standard,Straight,4,1,0.20328,0.15869,21.94,UNDER,201.09,76.72,515.64,793.45,10,280,1,10,1589.6
4948,Master Pricing Grid (H) / Sampler / 3.5Wx4.5H / 1164 / CLR P,10000,3.5,4.5,0,CLR PET,Gloss,3 Side Seal,CR Zipper,Standard,Straight,4,1,0.15879,0.12183,23.28,UNDER,360.01,126.6,731.67,1218.28,10,280,1,10,3077.1
4948,Master Pricing Grid (H) / Sampler / 3.5Wx4.5H / 1164 / CLR P,25000,3.5,4.5,0,CLR PET,Gloss,3 Side Seal,CR Zipper,Standard,Straight,4,1,0.13129,0.09878,24.76,UNDER,836.8,259.27,1373.44,2469.51,10,280,1,10,7539.6
4948,Master Pricing Grid (H) / Sampler / 3.5Wx4.5H / 1164 / CLR P,50000,3.5,4.5,0,CLR PET,Gloss,3 Side Seal,CR Zipper,Standard,Straight,4,1,0.1177,0.09262,21.31,UNDER,1631.44,493.83,2505.6,4630.88,10,280,1,10,14977.1
4948,Master Pricing Grid (H) / Sampler / 3.5Wx4.5H / 1164 / CLR P,100000,3.5,4.5,0,CLR PET,Gloss,3 Side Seal,CR Zipper,Standard,Straight,4,1,0.10849,0.08943,17.57,UNDER,3220.73,962.96,4759.3,8942.99,10,280,1,10,29852.1
4948,Master Pricing Grid (H) / Sampler / 3.5Wx4.5H / 1164 / CLR P,250000,3.5,4.5,0,CLR PET,Gloss,3 Side Seal,CR Zipper,Standard,Straight,4,1,0.10453,0.08743,16.36,UNDER,7988.59,2370.34,11499.14,21858.07,10,280,1,10,74477.1
4946,Master Pricing Grid (L) / Sampler / 3.5Wx4.5H / 1164 / CLR P,5000,3.5,4.5,0,CLR PET,Matte,3 Side Seal,CR Zipper,Standard,Straight,4,1,0.2068,0.15966,22.8,UNDER,201.09,81.55,515.64,798.28,10,280,1,10,1589.6
4946,Master Pricing Grid (L) / Sampler / 3.5Wx4.5H / 1164 / CLR P,10000,3.5,4.5,0,CLR PET,Matte,3 Side Seal,CR Zipper,Standard,Straight,4,1,0.16204,0.12276,24.24,UNDER,360.01,135.88,731.67,1227.57,10,280,1,10,3077.1
4946,Master Pricing Grid (L) / Sampler / 3.5Wx4.5H / 1164 / CLR P,25000,3.5,4.5,0,CLR PET,Matte,3 Side Seal,CR Zipper,Standard,Straight,4,1,0.13438,0.09969,25.82,UNDER,836.8,281.92,1373.44,2492.15,10,280,1,10,7539.6
4946,Master Pricing Grid (L) / Sampler / 3.5Wx4.5H / 1164 / CLR P,50000,3.5,4.5,0,CLR PET,Matte,3 Side Seal,CR Zipper,Standard,Straight,4,1,0.12072,0.09352,22.53,UNDER,1631.44,538.74,2505.6,4675.79,10,280,1,10,14977.1
4946,Master Pricing Grid (L) / Sampler / 3.5Wx4.5H / 1164 / CLR P,100000,3.5,4.5,0,CLR PET,Matte,3 Side Seal,CR Zipper,Standard,Straight,4,1,0.11147,0.09032,18.97,UNDER,3220.73,1052.4,4759.3,9032.43,10,280,1,10,29852.1
4946,Master Pricing Grid (L) / Sampler / 3.5Wx4.5H / 1164 / CLR P,250000,3.5,4.5,0,CLR PET,Matte,3 Side Seal,CR Zipper,Standard,Straight,4,1,0.10748,0.08832,17.82,UNDER,7988.59,2593.37,11499.14,22081.1,10,280,1,10,74477.1
4943,Master Pricing Grid (L) / Sampler / 3.5Wx4.5H / 1164 / MET P,5000,3.5,4.5,0,MET PET,Soft Touch,3 Side Seal,CR Zipper,Standard,Straight,4,1,0.21565,0.16935,21.47,UNDER,206.05,125.05,515.64,846.74,10,280,1,10,1589.6
4943,Master Pricing Grid (L) / Sampler / 3.5Wx4.5H / 1164 / MET P,10000,3.5,4.5,0,MET PET,Soft Touch,3 Side Seal,CR Zipper,Standard,Straight,4,1,0.17021,0.13207,22.4,UNDER,369.61,219.46,731.67,1320.75,10,280,1,10,3077.1
4943,Master Pricing Grid (L) / Sampler / 3.5Wx4.5H / 1164 / MET P,25000,3.5,4.5,0,MET PET,Soft Touch,3 Side Seal,CR Zipper,Standard,Straight,4,1,0.14213,0.10878,23.46,UNDER,860.32,485.73,1373.44,2719.49,10,280,1,10,7539.6
4943,Master Pricing Grid (L) / Sampler / 3.5Wx4.5H / 1164 / MET P,50000,3.5,4.5,0,MET PET,Soft Touch,3 Side Seal,CR Zipper,Standard,Straight,4,1,0.1283,0.10253,20.08,UNDER,1678.17,942.94,2505.6,5126.72,10,280,1,10,14977.1
4943,Master Pricing Grid (L) / Sampler / 3.5Wx4.5H / 1164 / MET P,100000,3.5,4.5,0,MET PET,Soft Touch,3 Side Seal,CR Zipper,Standard,Straight,4,1,0.11896,0.09931,16.52,UNDER,3313.87,1857.37,4759.3,9930.54,10,280,1,10,29852.1
4943,Master Pricing Grid (L) / Sampler / 3.5Wx4.5H / 1164 / MET P,250000,3.5,4.5,0,MET PET,Soft Touch,3 Side Seal,CR Zipper,Standard,Straight,4,1,0.1149,0.09728,15.33,UNDER,8220.96,4600.66,11499.14,24320.76,10,280,1,10,74477.1
4922,Master Pricing Grid (L) / Sampler / 3.5Wx4.5H / 1164 / MET P,5000,3.5,4.5,0,MET PET,Matte,3 Side Seal,CR Zipper,Standard,Straight,4,1,0.20801,0.16065,22.77,UNDER,206.05,81.55,515.64,803.24,10,280,1,10,1589.6
4922,Master Pricing Grid (L) / Sampler / 3.5Wx4.5H / 1164 / MET P,10000,3.5,4.5,0,MET PET,Matte,3 Side Seal,CR Zipper,Standard,Straight,4,1,0.16316,0.12372,24.17,UNDER,369.61,135.88,731.67,1237.17,10,280,1,10,3077.1
4922,Master Pricing Grid (L) / Sampler / 3.5Wx4.5H / 1164 / MET P,25000,3.5,4.5,0,MET PET,Matte,3 Side Seal,CR Zipper,Standard,Straight,4,1,0.13544,0.10063,25.7,UNDER,860.32,281.92,1373.44,2515.68,10,280,1,10,7539.6
4922,Master Pricing Grid (L) / Sampler / 3.5Wx4.5H / 1164 / MET P,50000,3.5,4.5,0,MET PET,Matte,3 Side Seal,CR Zipper,Standard,Straight,4,1,0.12176,0.09445,22.43,UNDER,1678.17,538.74,2505.6,4722.52,10,280,1,10,14977.1
4922,Master Pricing Grid (L) / Sampler / 3.5Wx4.5H / 1164 / MET P,100000,3.5,4.5,0,MET PET,Matte,3 Side Seal,CR Zipper,Standard,Straight,4,1,0.1125,0.09126,18.88,UNDER,3313.87,1052.4,4759.3,9125.57,10,280,1,10,29852.1
4922,Master Pricing Grid (L) / Sampler / 3.5Wx4.5H / 1164 / MET P,250000,3.5,4.5,0,MET PET,Matte,3 Side Seal,CR Zipper,Standard,Straight,4,1,0.1085,0.08925,17.74,UNDER,8220.96,2593.37,11499.14,22313.47,10,280,1,10,74477.1
4919,Master Pricing Grid (L) / Sampler / 3.5Wx4.5H / 1164 / MET P,5000,3.5,4.5,0,MET PET,Gloss,3 Side Seal,CR Zipper,Standard,Straight,4,1,0.20449,0.15968,21.91,UNDER,206.05,76.72,515.64,798.41,10,280,1,10,1589.6
4919,Master Pricing Grid (L) / Sampler / 3.5Wx4.5H / 1164 / MET P,10000,3.5,4.5,0,MET PET,Gloss,3 Side Seal,CR Zipper,Standard,Straight,4,1,0.15991,0.12279,23.21,UNDER,369.61,126.6,731.67,1227.88,10,280,1,10,3077.1
4919,Master Pricing Grid (L) / Sampler / 3.5Wx4.5H / 1164 / MET P,25000,3.5,4.5,0,MET PET,Gloss,3 Side Seal,CR Zipper,Standard,Straight,4,1,0.13236,0.09972,24.66,UNDER,860.32,259.27,1373.44,2493.03,10,280,1,10,7539.6
4919,Master Pricing Grid (L) / Sampler / 3.5Wx4.5H / 1164 / MET P,50000,3.5,4.5,0,MET PET,Gloss,3 Side Seal,CR Zipper,Standard,Straight,4,1,0.11874,0.09355,21.21,UNDER,1678.17,493.83,2505.6,4677.61,10,280,1,10,14977.1
4919,Master Pricing Grid (L) / Sampler / 3.5Wx4.5H / 1164 / MET P,100000,3.5,4.5,0,MET PET,Gloss,3 Side Seal,CR Zipper,Standard,Straight,4,1,0.10952,0.09036,17.49,UNDER,3313.87,962.96,4759.3,9036.13,10,280,1,10,29852.1
4919,Master Pricing Grid (L) / Sampler / 3.5Wx4.5H / 1164 / MET P,250000,3.5,4.5,0,MET PET,Gloss,3 Side Seal,CR Zipper,Standard,Straight,4,1,0.10555,0.08836,16.28,UNDER,8220.96,2370.34,11499.14,22090.44,10,280,1,10,74477.1
2201,Master Pricing Grid / 3.5Wx4.5H / Bottom Fill / MET PET / Gl,5000,3.5,9.0,0,MET PET,Gloss,Stand Up Pouch,None,None,Straight,4,1,0.19566,0.12739,34.89,UNDER,206.05,76.72,354.2,636.96,10,280,1,10,1589.6
2201,Master Pricing Grid / 3.5Wx4.5H / Bottom Fill / MET PET / Gl,10000,3.5,9.0,0,MET PET,Gloss,Stand Up Pouch,None,None,Straight,4,1,0.18259,0.09665,47.07,UNDER,369.61,126.6,470.27,966.49,10,280,1,10,3077.1
2201,Master Pricing Grid / 3.5Wx4.5H / Bottom Fill / MET PET / Gl,25000,3.5,9.0,0,MET PET,Gloss,Stand Up Pouch,None,None,Straight,4,1,0.17383,0.07738,55.48,UNDER,860.32,259.27,814.98,1934.58,10,280,1,10,7539.6
2201,Master Pricing Grid / 3.5Wx4.5H / Bottom Fill / MET PET / Gl,50000,3.5,9.0,0,MET PET,Gloss,Stand Up Pouch,None,None,Straight,4,1,0.16647,0.0725,56.45,UNDER,1678.17,493.83,1452.84,3624.84,10,280,1,10,14977.1
2201,Master Pricing Grid / 3.5Wx4.5H / Bottom Fill / MET PET / Gl,100000,3.5,9.0,0,MET PET,Gloss,Stand Up Pouch,None,None,Straight,4,1,0.16051,0.06999,56.39,UNDER,3313.87,962.96,2722.58,6999.41,10,280,1,10,29852.1
2201,Master Pricing Grid / 3.5Wx4.5H / Bottom Fill / MET PET / Gl,250000,3.5,9.0,0,MET PET,Gloss,Stand Up Pouch,None,None,Straight,4,1,0.15853,0.06844,56.83,UNDER,8220.96,2370.34,6519.87,17111.17,10,280,1,10,74477.1
4958,Master Pricing Grid (M) / Core / 4.5W x 5H x 2D / 1148 / MET,5000,4.5,5.0,2.0,MET PET,Soft Touch,Stand Up Pouch,CR Zipper,Standard,Straight,4,1,0.26099,0.20527,21.35,UNDER,250.93,152.61,622.84,1026.37,8,288,1,8,2016.0
4958,Master Pricing Grid (M) / Core / 4.5W x 5H x 2D / 1148 / MET,10000,4.5,5.0,2.0,MET PET,Soft Touch,Stand Up Pouch,CR Zipper,Standard,Straight,4,1,0.21262,0.16334,23.18,UNDER,459.16,273.92,900.32,1633.4,8,288,1,8,3927.0
4958,Master Pricing Grid (M) / Core / 4.5W x 5H x 2D / 1148 / MET,25000,4.5,5.0,2.0,MET PET,Soft Touch,Stand Up Pouch,CR Zipper,Standard,Straight,4,1,0.18255,0.13707,24.92,UNDER,1084.52,616.45,1725.69,3426.65,8,288,1,8,9666.0
4958,Master Pricing Grid (M) / Core / 4.5W x 5H x 2D / 1148 / MET,50000,4.5,5.0,2.0,MET PET,Soft Touch,Stand Up Pouch,CR Zipper,Standard,Straight,4,1,0.16692,0.13023,21.98,UNDER,2126.35,1204.2,3181.1,6511.65,8,288,1,8,19227.0
4958,Master Pricing Grid (M) / Core / 4.5W x 5H x 2D / 1148 / MET,100000,4.5,5.0,2.0,MET PET,Soft Touch,Stand Up Pouch,CR Zipper,Standard,Straight,4,1,0.15596,0.12669,18.77,UNDER,4210.34,2379.9,6078.71,12668.95,8,288,1,8,38352.0
4958,Master Pricing Grid (M) / Core / 4.5W x 5H x 2D / 1148 / MET,250000,4.5,5.0,2.0,MET PET,Soft Touch,Stand Up Pouch,CR Zipper,Standard,Straight,4,1,0.15141,0.12445,17.8,UNDER,10462.3,5906.98,14744.22,31113.51,8,288,1,8,95727.0
