vendor,fl_number,bag_desc,raw_size,substrate,finish,embellishment,fill_style,seal_type,gusset_type,zipper,tear_notch,hole_punch,corner_treatment,width,height,gusset,print_method,source_type,print_width,bag_area_sqin
dazpak,FL-DL-1495,,4W X 6.5H X 1.75G,MET PET,Matte Laminate,None,Top,Stand Up,Flat Bottom / Side Gusset,CR Zipper,Standard,None,Straight,4.0,6.5,1.75,flexographic,spreadsheet,14.75,26.0
dazpak,FL-DL-1491,,5W X 14.5H,High Barrier CLR PET,Soft Touch Laminate,None,Top,3 Side Seal,None,CR Zipper,Standard,None,Rounded,5.0,14.5,0.0,flexographic,spreadsheet,29.0,72.5
dazpak,FL-DL-1470,,3.5W X 4.5H,MET PET,Matte Laminate,None,Top,3 Side Seal,None,No Zipper,Standard,None,Rounded,3.5,4.5,0.0,flexographic,spreadsheet,9.0,15.75
dazpak,FL-DL-1455,,5.25W X 4.65H X 2.5G,HB CLR PET,Matte Laminate,None,Top,3 Side Seal,None,Standard CR,Standard,None,Straight,5.25,4.65,2.5,flexographic,spreadsheet,11.8,24.4125
dazpak,FL-DL-1368,,4W X 6H X 2G,MET PET,Soft Touch Laminate,None,Top,Stand Up,K Seal & Skirt Seal,CR Zipper,Standard,Round,Straight,4.0,6.0,2.0,flexographic,spreadsheet,14.0,24.0
dazpak,FL-DL-1369,,5.25W X 4.65H X 2.5G,Wht Met PET,Soft Touch Laminate,None,Top,3 Side Seal,None,Standard CR,Standard,None,Straight,5.25,4.65,2.5,flexographic,spreadsheet,11.8,24.4125
ross,FL-DL-1344,,6W X 5.5H X 2.5G,CLR PET,Matte Laminate,None,Top,Stand Up,K Seal,Standard CR,Standard,None,Rounded,6.0,5.5,2.5,digital,spreadsheet,13.5,33.0
ross,FL-DL-1343,,5.5W X 7H X 2.5G,CLR PET,Matte Laminate,None,Top,Stand Up,K Seal,Standard CR,Standard,None,Rounded,5.5,7.0,2.5,digital,spreadsheet,16.5,38.5
dazpak,FL-DL-1289,,5.25W X 6.75H,MET PET,Soft Touch Laminate,None,Bottom,3 Side Seal,None,Standard CR,Standard,None,Straight,5.25,6.75,0.0,flexographic,spreadsheet,13.5,35.4375
ross,FL-DL-1340,,4.527W X 5.9055H X 1.968G,CLR PET,Matte Laminate,None,Top,Stand Up,K Seal,Standard CR,Standard,None,Rounded,4.527,5.9055,1.968,digital,spreadsheet,13.779,26.7341985
dazpak,FL-DL-1283,FL-DL-1283 Flow Distro Swell,5.5W X 4.5H,WHT MET PET,Matte Laminate,None,Top,3 Side Seal,None,Standard CR,Standard,None,Straight,5.5,4.5,0.0,flexographic,spreadsheet,9.0,24.75
dazpak,FL-DL-1278,FL-DL-1278 Buckeye Relief,5W X 6.5H X 2.5G,WHT MET PET,Matte Laminate,None,Top,Stand Up,K Seal & Skirt Seal,Standard CR,Standard,None,Rounded,5.0,6.5,2.5,flexographic,spreadsheet,15.5,32.5
dazpak,FL-DL-1277,FL-DL-1277 Buckeye Relief,5.25W X 4.65H X 2.5G,WHT MET PET,Matte Laminate,None,Top,Stand Up,K Seal & Skirt Seal,Standard CR,Standard,None,Rounded,5.25,4.65,2.5,flexographic,spreadsheet,11.8,24.4125
ross,FL-DL-1196,,8W X 6H X 2.63G,WHT MET PET,Matte Laminate,None,top,Stand Up,K Seal & Skirt Seal,Standard CR,Standard,None,Straight,8.0,6.0,2.63,digital,spreadsheet,14.629999999999999,48.0
ross,FL-DL-1137,,"4"" W X 7""H",White MET PET,Matte Laminate,None,Top,3 Side Seal,None,Standard CR,Standard,None,Rounded,4.0,7.0,0.0,digital,spreadsheet,14.0,28.0
dazpak,FL-DL-1176,,"4.5""W X 5H X 1.5G",MET PET,Matte Laminate,None,Top,Stand Up,None,Standard CR,Standard,None,Straight,4.5,5.0,1.5,flexographic,spreadsheet,11.5,22.5
dazpak,FL-DL-1151,,"12"" W X 9""H X 4""G",MET PET,Gloss Laminate,None,Top,Stand Up,K Seal & Skirt Seal,Standard CR,Standard,None,Straight,12.0,9.0,4.0,flexographic,spreadsheet,22.0,108.0
dazpak,FL-DL-1105,,"5"" W X 5.25"" H X 3""G",MET PET,Soft Touch Laminate,None,Stand Up Pouch,K Seal,None,Standard CR,Standard,None,Straight,5.0,5.25,3.0,flexographic,spreadsheet,13.5,26.25
dazpak,FL-DL-1128,,"4"" W X 6.875""H X 2.6325""G",White MET PET,Gloss Laminate,None,Top,Stand Up,K Seal & Skirt Seal,Standard CR,Standard,None,Straight,4.0,6.875,2.6325,flexographic,spreadsheet,16.3825,27.5
ross,FL-DL-1123,,"15"" W X 11""H X 4G",MET PET,Matte Laminate,None,Top,Stand Up,K Seal & Skirt Seal,Standard CR,Standard,None,Straight,15.0,11.0,4.0,digital,spreadsheet,26.0,165.0
ross,FL-DL-1117,,"4""W X 7""H",,None,None,Top,3 Side Seal,None,Standard CR,Standard,None,Rounded,4.0,7.0,0.0,digital,spreadsheet,14.0,28.0
dazpak,FL-DL-1079,,"5"" W X 8"" H X 1""G",MET PET,Soft Touch Laminate,None,Top,Stand Up,K Seal & Skirt Seal,Standard CR,Standard,None,Straight,5.0,8.0,1.0,flexographic,spreadsheet,17.0,40.0
dazpak,FL-DL-1078,,"5"" W X 8"" H",MET PET,Soft Touch Laminate,None,Top,3 Side Seal,None,Standard CR,Standard,None,Straight,5.0,8.0,0.0,flexographic,spreadsheet,16.0,40.0
dazpak,FL-DL-0895,,"6"" W X6. 5"" H X 3"" G",CLR PET,Soft Touch Laminate,None,Top,Stand Up,K Seal & Skirt Seal,Standard CR,Standard,None,Rounded,6.0,6.0,0.0,flexographic,spreadsheet,12.0,36.0
dazpak,FL-DL-0963,,"5"" W X 5.25"" H X 3"" G",Wht MET PET,Matte Laminate,None,Top,Stand Up,K Seal & Skirt Seal,CR Zipper,Standard,None,Straight,5.0,5.25,3.0,flexographic,spreadsheet,13.5,26.25
ross,FL-DL-0948,,"5"" W X 8.1255"" H X 2.375"" G",MET PET,GLoss Lam,None,Top,Stand Up,K Seal & Skirt Seal,Standard CR,Standard,None,Straight,5.0,8.1255,2.375,digital,spreadsheet,18.626,40.627500000000005
dazpak,FL-DL-0886,,"6"" W X 8"" H X 2"" G",MET PET,Gloss Lam,None,Top,Stand Up,K Seal & Skirt Seal,Standard CR,Standard,None,Rounded,6.0,8.0,2.0,flexographic,spreadsheet,18.0,48.0
dazpak,FL-DL-0885,,"5.5"" W X 4.5"" H X 2"" G",CLR MET PET,Soft Touch Laminate,None,Top,Stand Up,K Seal & Skirt Seal,Standard CR,Standard,None,Straight,5.5,4.5,2.0,flexographic,spreadsheet,11.0,24.75
dazpak,FL-CQ-0855,,"5"" W X 5.5"" H X 2"" G",White MET PET,Soft Touch Laminate,None,Top,Stand Up,K Seal & Skirt Seal,Standard CR,Standard,None,Rounded,5.0,5.5,2.0,flexographic,spreadsheet,13.0,27.5
dazpak,FL-CQ-0853,,"6"" W X 9"" H X 2"" G",White MET PET,Soft Touch Laminate,None,Top,Stand Up,K Seal & Skirt Seal,Standard CR,Standard,None,Rounded,6.0,9.0,2.0,flexographic,spreadsheet,20.0,54.0
ross,FL-DL-1625,FL-DL-1625 Glorious Cannabis,6W X 9.75H X 3G,WHT MET PET,Soft Touch Laminate,None,Top,Stand Up,K Seal & Skirt Seal,CR Zipper,Standard,None,Rounded,6.0,9.75,3.0,digital,spreadsheet,22.5,58.5
ross,FL-DL-1623,FL-DL-1623 Choice Labs,5.5W X 8.5H X 2.625G,MET PET,Soft Touch Laminate,None,Top,Stand Up,K Seal & Skirt Seal,CR Zipper,Standard,None,Straight,5.5,8.5,2.625,digital,spreadsheet,19.625,46.75
ross,FL-DL-1618,,4.527W X 5.9056H X 2G,Wht MET PET / CLR Gusset,Matte Laminate,None,Top,Stand Up,K Seal & Skirt Seal,CR Zipper,Standard,None,Rounded,4.527,5.9056,2.0,digital,spreadsheet,13.8112,26.7346512
ross,FL-DL-1476,,4W X 7H,MET PET,Matte Laminate,None,Top,3 Side Seal,None,CR Zipper,Standard,Round,Rounded,4.0,7.0,0.0,digital,spreadsheet,14.0,28.0
ross,FL-DL-1610,,"4W X 6.63""H X 2G",WHT MET PET,Matte Laminate,None,Top,Stand Up,K Seal & Skirt Seal,CR Zipper,Standard,None,Rounded,4.0,6.63,2.0,digital,spreadsheet,15.26,26.52
ross,FL-DL-1603,,"2.5W X 6.8""H",MET PET,Matte Laminate,None,Top,2 Side Seal,None,CR Zipper,Standard,None,Straight,2.5,6.8,0.0,digital,spreadsheet,13.6,17.0
ross,FL-DL-1587,,3W X 7.5H X,MET PET,Soft Touch Laminate,None,Bottom,3 Side Seal,None,CR Zipper,Standard,None,Straight,3.0,7.5,0.0,digital,spreadsheet,15.0,22.5
ross,FL-DL-1480,,6W X 6H X 2.375G,Cure Clear PET Calyx (Material),Soft Touch Laminate,Flat Spot Gloss UV,Top,Stand Up,K Seal & Skirt Seal,CR Zipper,Standard,None,Rounded,6.0,6.0,2.375,digital,spreadsheet,14.375,36.0
ross,FL-DL-1570,,4.5W X 8H X 2G,WHT Met PET,Matte Laminate,Flat Spot Gloss UV,Top,Stand Up,K Seal & Skirt Seal,CR Zipper,Standard,None,Straight,4.5,8.0,2.0,digital,spreadsheet,18.0,36.0
ross,FL-DL-1569,,4.5W X 8H X 2G,WHT Met PET,Matte Laminate,None,Top,Stand Up,K Seal & Skirt Seal,CR Zipper,Standard,None,Straight,4.5,8.0,2.0,digital,spreadsheet,18.0,36.0
ross,FL-DL-1568,,4.5W X 8H X 2G,Met PET,Matte Laminate,None,Top,Stand Up,K Seal & Skirt Seal,CR Zipper,Standard,None,Straight,4.5,8.0,2.0,digital,spreadsheet,18.0,36.0
ross,FL-DL-1563,,2.5W X 7.1H,Met PET,Matte Laminate,None,Bottom,3 Side Seal,None,CR Zipper,Standard,Round,Straight,2.5,7.1,0.0,digital,spreadsheet,14.2,17.75
ross,FL-DL-1490,,5W X 14.5H,High Barrier CLR PET,Soft Touch Laminate,None,Top,3 Side Seal,None,CR Zipper,Standard,None,Rounded,5.0,14.5,0.0,digital,spreadsheet,29.0,72.5
ross,FL-DL-1481,,6W X 6H X 2.375G,MET PET,Soft Touch Laminate,Flat Spot UV,Top,Stand Up,K Seal & Skirt Seal,CR Zipper,Standard,None,Rounded,6.0,6.0,2.375,digital,spreadsheet,14.375,36.0
ross,FL-DL-1485,,5W X 6.5H X 2G,WHT MET PET,Matte Laminate,None,Top,Stand Up,K Seal & Skirt Seal,CR Zipper,Standard,Round,Rounded,5.0,6.5,2.0,digital,spreadsheet,15.0,32.5
ross,FL-DL-1425,,3W X 7H X 1.5,MET PET,Matte Laminate,None,Top,Stand Up,K Seal,CR Zipper,Standard,None,Straight,3.0,7.0,1.5,digital,spreadsheet,15.5,21.0
ross,FL-DL-1421,,9W X 7H X 3G,MET PET,Soft Touch Laminate,None,Top,Stand Up,K Seal & Skirt Seal,CR Zipper,Standard,Round,Straight,9.0,7.0,3.0,digital,spreadsheet,17.0,63.0
ross,FL-DL-1443,,6W X 8H X 2G,HB CLR PET,Gloss Laminate,None,Top,Stand Up,K Seal & Skirt Seal,CR Zipper,Standard,None,Rounded,6.0,8.0,2.0,digital,spreadsheet,18.0,48.0
ross,FL-DL-1442,,4.5W X 8H X 2G,HB CLR PET,Gloss Laminate,None,Top,Stand Up,K Seal & Skirt Seal,CR Zipper,Standard,None,Rounded,4.5,8.0,2.0,digital,spreadsheet,18.0,36.0
ross,FL-DL-1424,,4.5W X 6.5H,WHT MET PET,Matte Laminate,None,Bottom,3 Side Seal,None,CR Zipper,Standard,None,Straight,4.5,6.5,0.0,digital,spreadsheet,13.0,29.25
ross,FL-DL-1407,,6W X 9H X 3G,MET PET,Soft Touch Laminate,None,Top,Stand Up,K Seal & Skirt Seal,CR Zipper,Standard,None,Rounded,6.0,9.0,3.0,digital,spreadsheet,21.0,54.0
ross,FL-DL-1390,,4.5W X 6H X 2G,High Barrier CLR PET,Matte Laminate,None,Top,Stand Up,K Seal & Skirt Seal,CR Zipper,Standard,None,Straight,4.5,6.0,2.0,digital,spreadsheet,14.0,27.0
ross,FL-DL-1405,,5W X 8H X 2G,MET PET,Soft Touch Laminate,None,Top,Stand Up,K Seal,Standard CR,Standard,None,Rounded,5.0,8.0,2.0,digital,spreadsheet,18.0,40.0
ross,FL-DL-1399,FL-DL-1399 YMY Ventures,"4.5"" W X 6.5"" H",White MET PET,Matte Laminate,None,Bottom,3 Side Seal,None,Standard CR,Standard,None,Straight,4.5,6.5,0.0,digital,spreadsheet,13.0,29.25
ross,FL-DL-1389,,3W X 8H,MET PET,Matte Laminate,None,Top,2 Side Seal,None,No Zipper,Standard,None,Straight,3.0,8.0,0.0,digital,spreadsheet,16.0,24.0
ross,FL-CQ-1385,FL-CQ-1385 Hiveology,"5"" W X 6"" H X 2"" G",METPET,Matte Laminate,None,Top,Stand Up,K Seal & Skirt Seal,Standard CR,Standard,None,Rounded,5.0,6.0,2.0,digital,spreadsheet,14.0,30.0
ross,FL-DL-1276,FL-DL-1276 Elevated Roots,"5"" W X 8.125"" H X 2.375"" G","""Cure"" PET",Gloss Lam,None,Top,Stand Up,K Seal & Skirt Seal,Standard CR,Standard,None,Straight,5.0,8.125,2.375,digital,spreadsheet,18.625,40.625
ross,FL-CQ-1380,,4.5W X 6H X 2G,METPET,Matte Laminate,None,Top,Stand Up,K Seal,Standard CR,Standard,None,Straight,4.5,6.0,2.0,digital,spreadsheet,14.0,27.0
ross,FL-CQ-1381,,9W X 6H,White METPET,Soft Touch Laminate,Spot Varnish,Top Fill,3 Side Seal,None,Standard CR,Standard,None,Rounded,9.0,6.0,0.0,digital,spreadsheet,12.0,54.0
ross,FL-DL-1376,,5W X 6.5H X 2G,WHT MET PET,Gloss Laminate,None,Top,Stand Up,K Seal,Standard CR,Standard,None,Straight,5.0,6.5,2.0,digital,spreadsheet,15.0,32.5
ross,FL-DL-1367,,4W X 6H X 2G,MET PET,Soft Touch Laminate,None,Top,Stand Up,K Seal,Standard CR,Standard,None,Straight,4.0,6.0,2.0,digital,spreadsheet,14.0,24.0
ross,FL-DL-1342,,4W X 6H X 1.5G,MET PET,Matte Laminate,None,Top,Stand Up,K Seal,CR Zipper,Standard,None,Rounded,4.0,6.0,1.5,digital,spreadsheet,13.5,24.0
ross,FL-DL-1301,,2.625W X 7H,High Barrier CLR PET,Matte Laminate,None,Top,Stand Up,K Seal,Standard CR,Standard,None,Straight,2.625,7.0,0.0,digital,spreadsheet,14.0,18.375
ross,FL-DL-1347,,6W X 8.5H X 2.5G,MET PET,Matte Laminate,None,Top,Stand Up,K Seal,CR Zipper,Standard,None,Rounded,6.0,8.5,2.5,digital,spreadsheet,19.5,51.0
ross,FL-DL-1346,,5W X 7H X 2G,MET PET,Matte Laminate,None,Top,Stand Up,K Seal,CR Zipper,Standard,None,Rounded,5.0,7.0,2.0,digital,spreadsheet,16.0,35.0
ross,FL-DL-1335,,6W X 9.57H X 3G,High Barrier CLR PET,Matte Laminate,None,Top,Stand Up,K Seal,Standard CR,Standard,None,Rounded,6.0,9.57,3.0,digital,spreadsheet,22.14,57.42
ross,FL-DL-1333,,5W X 14H and 5W X 12H,CLR PET / EVOH,Soft Touch Laminate,None,Bottom,3 Side Seal,None,Standard CR,Standard,None,Rounded,5.0,14.0,0.0,digital,spreadsheet,28.0,70.0
ross,FL-DL-1332,,6W X 9.57H X 3G,Wht Met PET,Soft Touch Laminate,None,Top,Stand Up,K Seal,Standard CR,Standard,None,Rounded,6.0,9.57,3.0,digital,spreadsheet,22.14,57.42
ross,FL-DL-1290,,5W X 9H,MET PET,Soft Touch Laminate,None,Bottom,3 Side Seal,None,Standard CR,Standard,None,Straight,5.0,9.0,0.0,digital,spreadsheet,18.0,45.0
ross,FL-DL-1293,,2.625W X 7H,MET PET,Gloss Laminate,None,Bottom,3 Side Seal,None,Standard CR,Standard,None,Straight,2.625,7.0,0.0,digital,spreadsheet,14.0,18.375
ross,FL-DL-1272,,8W X 6H X 2G,MET PET,Matte Laminate,None,top,Stand Up,K Seal,Standard CR,Standard,None,Straight,8.0,6.0,2.0,digital,spreadsheet,14.0,48.0
ross,FL-DL-1258,,4.5W X 8H X 2G,High Barrier Clear PET,Gloss Laminate,None,top,Stand Up,K Seal,Standard CR,Standard,None,Straight,4.5,8.0,2.0,digital,spreadsheet,18.0,36.0
ross,FL-DL-1234,,8W X 6H X 2G,MET PET,Matte Laminate,None,top,Stand Up,K Seal,Standard CR,Standard,None,Straight,8.0,6.0,2.0,digital,spreadsheet,14.0,48.0
ross,FL-DL-1233,,12W X 9H X 4G,MET PET,Matte Laminate,None,top,Stand Up,K Seal,Standard CR,Standard,None,Straight,12.0,9.0,4.0,digital,spreadsheet,22.0,108.0
ross,FL-DL-1232,,4.5W X 8H X 2G,Wht MET PET,Matte Laminate,None,top,Stand Up,K Seal,Standard CR,Standard,None,Rounded,4.5,8.0,2.0,digital,spreadsheet,18.0,36.0
ross,FL-DL-1231,,4.5W X 8H X 2G,Wht MET PET,Matte Laminate,None,top,Stand Up,K Seal,Standard CR,Standard,None,Rounded,4.5,8.0,2.0,digital,spreadsheet,18.0,36.0
ross,FL-DL-1230,,8.5W X 6H X 2G,Wht MET PET,Soft Touch Laminate,None,top,Stand Up,K Seal,Standard CR,Standard,None,Rounded,8.5,6.0,2.0,digital,spreadsheet,14.0,51.0
ross,FL-DL-1229,,7.5W X 5.5H X 2G,Wht MET PET,Soft Touch Laminate,None,top,Stand Up,K Seal,Standard CR,Standard,None,Rounded,7.5,5.5,2.0,digital,spreadsheet,13.0,41.25
ross,FL-DL-1228,,5.5W X 5.5H X 2G,Wht MET PET,Soft Touch Laminate,None,top,Stand Up,K Seal,Standard CR,Standard,None,Rounded,5.5,5.5,2.0,digital,spreadsheet,13.0,30.25
ross,FL-DL-1210,,5W X 8H,MET PET,Matte Laminate,None,top,3 Side Seal,None,Standard CR,Standard,None,Straight,5.0,8.0,0.0,digital,spreadsheet,16.0,40.0
ross,FL-DL-1208,,5.5W X 8.4375H X 2.125G,MET PET,Soft Touch Laminate,Flat Spot UV,top,Stand Up,K Seal & Skirt Seal,Standard CR,Standard,None,Straight,5.5,8.4375,2.125,digital,spreadsheet,19.0,46.40625
ross,FL-DL-1190,,4W X 7H X 2G,MET PET,Soft Touch Laminate,None,top,Stand Up,K Seal & Skirt Seal,Standard CR,Standard,Round,Straight,4.0,7.0,2.0,digital,spreadsheet,16.0,28.0
ross,FL-DL-1205,,4W X 6H X 2G,MET PET,Soft Touch Laminate,None,,,K Seal & Skirt Seal,No Zipper,None,None,Straight,4.0,6.0,2.0,digital,spreadsheet,14.0,24.0
ross,FL-DL-1197,,3.62W X 5.86H X 1.5G,WHT MET PET,Matte Laminate,None,top,Stand Up,K Seal & Skirt Seal,Standard CR,Standard,None,Straight,3.62,5.86,1.5,digital,spreadsheet,13.22,21.2132
ross,FL-DL-1195,,7W X 5.5H X 2G,MET PET,Matte Laminate,None,top,Stand Up,K Seal & Skirt Seal,Standard CR,Standard,None,Straight,7.0,5.5,2.0,digital,spreadsheet,13.0,38.5
ross,FL-DL-1194,,5.5W X 5H X 2.5G,MET PET,Matte Laminate,None,top,Stand Up,K Seal & Skirt Seal,Standard CR,Standard,Round,Straight,5.5,5.0,2.5,digital,spreadsheet,12.5,27.5
ross,FL-DL-1188,,5W X 8H X 2.5G,CLR PET,Soft Touch Laminate,None,top,Stand Up,K Seal & Skirt Seal,Standard CR,Standard,Round,Straight,5.0,8.0,2.5,digital,spreadsheet,18.5,40.0
ross,FL-DL-1185,,4W X 6H X 2.5G,MET PET,Matte Laminate,None,top,Stand Up,K Seal & Skirt Seal,Standard CR,Standard,None,Straight,4.0,6.0,2.5,digital,spreadsheet,14.5,24.0
ross,FL-DL-1186,,3W X 6.25H,MET PET,Soft Touch Laminate,None,Bottom,3 Side Seal,None,Standard CR,Standard,None,Straight,3.0,6.25,0.0,digital,spreadsheet,12.5,18.75
ross,FL-DL-1181,,"6.0"" W X 9.75""H X 1.5""G",MET PET,Matte Laminate,None,Top,Stand Up,K Seal & Skirt Seal,Standard CR,Standard,None,Straight,6.0,9.75,1.5,digital,spreadsheet,21.0,58.5
ross,FL-DL-1183,,2.625W X 6.375H,MET PET,Matte Laminate,None,Bottom,3 Side Seal,None,Standard CR,Standard,None,Straight,2.625,6.375,0.0,digital,spreadsheet,12.75,16.734375
ross,FL-DL-0839,,"5"" W X 4.5"" H X 2.5"" G",MET PET,Matte Laminate,Cold Foil,Top,Stand Up,K Seal & Skirt Seal,Standard CR,Standard,None,Rounded,5.0,4.5,2.5,digital,spreadsheet,11.5,22.5
ross,FL-DL-1143,,"5"" W X 5.5""H X 2""G",MET PET,Matte Laminate,None,Top,Stand Up,K Seal & Skirt Seal,Standard CR,Standard,None,Straight,5.0,5.5,2.0,digital,spreadsheet,13.0,27.5
ross,FL-DL-1142,,"8"" W X 7""H X 2.""G",MET PET,Matte Laminate,None,Top,Stand Up,K Seal & Skirt Seal,Standard CR,Standard,None,Straight,8.0,7.0,2.0,digital,spreadsheet,16.0,56.0
ross,FL-DL-1138,,"6"" W X 8""H X 2""G",MET PET,Soft Touch Laminate,None,Top,Stand Up,K Seal & Skirt Seal,Standard CR,Standard,None,Rounded,6.0,8.0,2.0,digital,spreadsheet,18.0,48.0
ross,FL-DL-1139,,"8"" W X 6""H X 2""G",MET PET,Soft Touch Laminate,None,Top,Stand Up,K Seal & Skirt Seal,Standard CR,Standard,None,Rounded,8.0,6.0,2.0,digital,spreadsheet,14.0,48.0
ross,FL-DL-1109,FL-DL-1109 3 Tall Pines,"4.5""W X 6.75""H",,None,None,Bottom,3 Side Seal,None,Standard CR,Standard,None,Straight,4.5,6.75,0.0,digital,spreadsheet,13.5,30.375
ross,FL-DL-1115,,"2 "" W X 6.5"" H",MET PET,Matte Laminate,None,Bottom,3 Side Seal,None,No Zipper,Standard,Round,Straight,2.0,6.5,0.0,digital,spreadsheet,13.0,13.0
ross,FL-DL-1108,,"3.39""W X 5.5""H X 2G",,None,None,N/A,Stand Up,K Seal,Standard CR,Standard,Round,Straight,3.39,5.5,2.0,digital,spreadsheet,13.0,18.645
ross,FL-DL-1107,,"4""W X 6.5""H X 2G",,None,None,Seal Type: Stand UP,Stand Up,K Seal,Standard CR,Standard,Round,Straight,4.0,6.5,2.0,digital,spreadsheet,15.0,26.0
ross,FL-DL-1106,,"9.5""W X 13""H",,None,None,Bottom,3 Side Seal,None,Standard CR,Standard,None,Straight,9.5,13.0,0.0,digital,spreadsheet,26.0,123.5
ross,FL-DL-1104,,"4.5""W X 6.5""H",,None,None,Bottom,3 Side Seal,None,Standard CR,Standard,None,Straight,4.5,6.5,0.0,digital,spreadsheet,13.0,29.25
ross,FL-DL-1074,,"5"" W X 5.5""H X 2"" G",Clear PET,Soft Touch Laminate,None,Top,Stand Up,K Seal & Skirt Seal,Standard CR,Standard,None,Rounded,5.0,5.5,2.0,digital,spreadsheet,13.0,27.5
ross,FL-DL-1003,,"2.5"" W X 7.25""H",MET PET/CLR PET,Matte Laminate,None,Top,3 Side Seal,None,Standard CR,Standard,None,Straight,2.5,7.25,0.0,digital,spreadsheet,14.5,18.125
ross,FL-DL-1038,,"5"" W X 8"" H X 2"" G",WHT MET PET,Soft Touch Laminate,None,Top,Stand Up,K Seal & Skirt Seal,Standard CR,Standard,None,Straight,5.0,8.0,2.0,digital,spreadsheet,18.0,40.0
ross,FL-DL-1001,,"4.5"" W X 6.5"" H X 2"" G",MET PET,Matte Laminate,None,Top,Stand Up,K Seal & Skirt Seal,Standard CR,Standard,None,Straight,4.5,6.5,2.0,digital,spreadsheet,15.0,29.25
ross,FL-DL-0999,,"3.75"" W X 4"" H X 2"" G",MET PET,Gloss Lam,None,Top,Stand Up,K Seal & Skirt Seal,Standard CR,Standard,None,Straight,3.75,4.0,2.0,digital,spreadsheet,10.0,15.0
ross,FL-DL-0998,,"4"" W X 7"" H X 2"" G",CLR PET,Gloss Holographic Lam,None,Top,Stand Up,K Seal & Skirt Seal,Standard CR,Standard,Round,Straight,4.0,7.0,2.0,digital,spreadsheet,16.0,28.0
ross,FL-DL-0997,,"4"" W X 6"" H X 2"" G",CLR PET,Gloss Lam,None,Top,Stand Up,K Seal & Skirt Seal,Standard CR,Standard,Round,Straight,4.0,6.0,2.0,digital,spreadsheet,14.0,24.0
ross,FL-DL-0996,,"5.25"" W X 8.45"" H X 2"" G",CLR PET,Gloss Lam,None,Top,Stand Up,K Seal & Skirt Seal,Standard CR,Standard,Round,Straight,5.25,8.45,2.0,digital,spreadsheet,18.9,44.3625
ross,FL-DL-0980,,4.5W X 6.5H X 1.5G,Wht MET PET,Matte Laminate,None,Top,Stand Up,K Seal & Skirt Seal,CR Zipper,Standard,None,Straight,4.5,6.5,1.5,digital,spreadsheet,14.5,29.25
ross,FL-CQ-0983,,"6.625"" W X 5.25"" H",EVOH Clear,Gloss Lam,None,Top,3 Side Seal,None,CR Zipper,Standard,None,Rounded,6.625,5.25,0.0,digital,spreadsheet,10.5,34.78125
ross,FL-DL-0944,,"5.5"" W X 5"" H X "" G",Wht MET PET,Matte Laminate,Flat Spot UV,Top,Stand Up,K Seal & Skirt Seal,CR Zipper,Standard,None,Rounded,5.5,5.0,0.0,digital,spreadsheet,10.0,27.5
ross,FL-DL-0965,,"2.75"" W X 5.75"" H X 3"" G",Wht MET PET,Matte Laminate,None,Top,Stand Up,K Seal & Skirt Seal,No Zipper,Standard,None,Straight,2.75,5.75,3.0,digital,spreadsheet,14.5,15.8125
ross,FL-DL-0959,,"2.625""W X 6.375"" H",MET PET,Gloss Lam,None,Bottom,3 Side Seal,Corners: Straight,Standard CR,Standard,None,Straight,2.625,6.375,0.0,digital,spreadsheet,12.75,16.734375
ross,FL-DL-0956,,"5"" W X 8.125"" H X 3"" G",Wht MET PET,Matte Laminate,None,Top,Stand Up,K Seal & Skirt Seal,Standard CR,Standard,None,Straight,5.0,8.125,3.0,digital,spreadsheet,19.25,40.625
ross,FL-DL-0955,,"4"" W X 6.63"" H X 2"" G",Wht MET PET,Matte Laminate,None,Top,Stand Up,K Seal & Skirt Seal,Standard CR,Standard,None,Straight,4.0,6.63,2.0,digital,spreadsheet,15.26,26.52
ross,FL-DL-0943,,"6.5"" W X 8"" H X 2"" G",Wht MET PET,Matte Laminate,FLat Spot UV,Top,Stand Up,K Seal & Skirt Seal,Standard CR,Standard,None,Rounded,6.5,8.0,2.0,digital,spreadsheet,18.0,52.0
ross,FL-DL-0923,,"4.5"" W X 6"" H X 2"" G",MET PET,Matte Laminate,None,Top,Stand Up,K Seal & Skirt Seal,Standard CR,Standard,None,Straight,4.5,6.0,2.0,digital,spreadsheet,14.0,27.0
ross,FL-DL-0922,,"5"" W X 6.5"" H X 2.5"" G",White MET PET,Matte Laminate,None,Top,Stand Up,K Seal & Skirt Seal,Standard CR,Standard,None,Rounded,5.0,6.5,2.5,digital,spreadsheet,15.5,32.5
ross,FL-DL-0919,,"4.5"" W X 6.75"" H X 2.5"" G",MET PET,Matte Laminate,None,Top,Stand Up,K Seal & Skirt Seal,Standard CR,Standard,None,Rounded,4.5,6.75,2.5,digital,spreadsheet,16.0,30.375
ross,FL-DL-0912,,"5""W X 10"" H X 2"" G",WHT MET PET,Soft Touch Laminate,None,,,None,No Zipper,None,None,Straight,5.0,10.0,2.0,digital,spreadsheet,22.0,50.0
ross,FL-DL-0911,,"5""W X 8"" H X 2"" G",WHT MET PET,Soft Touch Laminate,None,,,None,No Zipper,None,None,Straight,5.0,8.0,2.0,digital,spreadsheet,18.0,40.0
ross,FL-DL-0910,,"4.125""W X 6.5"" H X 2"" G",WHT MET PET,Soft Touch Laminate,None,,,None,No Zipper,None,None,Straight,4.125,6.5,2.0,digital,spreadsheet,15.0,26.8125
ross,FL-DL-0909,,"4.125""W X 5"" H X 2"" G",WHT MET PET,Soft Touch Laminate,None,,,None,No Zipper,None,None,Straight,4.125,5.0,2.0,digital,spreadsheet,12.0,20.625
ross,FL-DL-0908,,"8.75""W X 12"" H X 3.875"" G",WHT MET PET,Soft Touch Laminate,Spot UV,Top,Stand Up,K Seal & Skirt Seal,CR Zipper,Standard,None,Straight,8.75,12.0,3.875,digital,spreadsheet,27.875,105.0
ross,FL-DL-0907,,"6""W X 9"" H X 3"" G",WHT MET PET,Soft Touch Laminate,None,Top,Stand Up,K Seal & Skirt Seal,No Zipper,Standard,None,Straight,6.0,9.0,3.0,digital,spreadsheet,21.0,54.0
ross,FL-DL-0896,,"5.5""W X 4.75"" H X 2"" G",MET PET With CLR gusset,Soft Touch Laminate,None,Top,Stand Up,K Seal & Skirt Seal,Standard CR,Standard,None,Straight,5.5,4.75,2.0,digital,spreadsheet,11.5,26.125
ross,FL-DL-0890,,"6"" W X 9"" H X 3"" G",WHT MET PET,Matte Laminate,None,Top,Stand Up,K Seal & Skirt Seal,Standard CR,Standard,None,Straight,6.0,9.0,3.0,digital,spreadsheet,21.0,54.0
ross,FL-DL-0889,,"5"" W X 8"" H X 2"" G",CLR PET,Soft Touch Laminate,None,Top,Stand Up,K Seal & Skirt Seal,Standard CR,Standard,None,Rounded,5.0,8.0,2.0,digital,spreadsheet,18.0,40.0
ross,FL-CQ-0886,,"6"" W X 8"" H X 3"" G",MET PET,Gloss Lam,None,Top,Stand Up,K Seal & Skirt Seal,Standard CR,Standard,None,Rounded,6.0,8.0,3.0,digital,spreadsheet,19.0,48.0
ross,FL-DL-0876,,"4"" W X 7"" H X 2"" G",White MET PET,Matte Laminate,None,Top,3 Side Seal,None,Standard CR,Standard,Round,Straight,4.0,7.0,2.0,digital,spreadsheet,16.0,28.0
ross,FL-DL-0874,,"5"" W X 8"" H X 2"" G",MET PET,Soft Touch Laminate,None,Top,Stand Up,K Seal & Skirt Seal,Standard CR,Standard,None,Straight,5.0,8.0,2.0,digital,spreadsheet,18.0,40.0
ross,FL-DL-0871,,"2.265"" W X 6.375"" H",CLR PET,Matte Laminate,None,Bottom,3 Side Seal,None,Standard CR,Standard,None,Straight,2.265,6.375,0.0,digital,spreadsheet,12.75,14.439375
ross,FL-DL-0872,,"2.265"" W X 6.375"" H",MET PET,Matte Laminate,None,Bottom,3 Side Seal,None,Standard CR,Standard,None,Straight,2.265,6.375,0.0,digital,spreadsheet,12.75,14.439375
ross,FL-DL-0861,,"5"" W X 6"" H X 2"" G",MET PET,Soft Touch Laminate,None,Top,Stand Up,K Seal & Skirt Seal,Standard CR,Standard,Hang Hole,Straight,5.0,6.0,2.0,digital,spreadsheet,14.0,30.0
ross,FL-CQ-0860,,"4.5"" W X 5.5"" H X 2"" G",MET PET,Soft Touch Laminate,None,Top,Stand Up,K Seal & Skirt Seal,Standard CR,Standard,Hang Hole,Straight,4.5,5.5,2.0,digital,spreadsheet,13.0,24.75
ross,FL-DL-0859,,"6"" W X 9"" H X 3.5"" G",MET PET,Gloss Lam,None,Top,Stand Up,K Seal & Skirt Seal,Standard CR,Standard,None,Straight,6.0,9.0,3.5,digital,spreadsheet,21.5,54.0
ross,FL-CQ-0834,,"4.5"" W X 5"" H X 2"" G",HB Clr PET / EVOH (mat# 5309),Matte Laminate,None,Top,3 Side Seal,K Seal & Skirt Seal,Standard CR,Standard,None,Straight,4.5,5.0,2.0,digital,spreadsheet,12.0,22.5
ross,FL-DL-0830,,"5"" W X 8.12"" H X 2"" G",MET PET,Soft Touch Laminate,None,Top,Stand Up,K Seal & Skirt Seal,Standard CR,Standard,None,Straight,5.0,8.12,2.0,digital,spreadsheet,18.24,40.599999999999994
ross,FL-DL-0823,,"5"" W X 8"" H X 2"" G",METPET,Matte Laminate,None,Top,3 Side Seal,K Seal & Skirt Seal,Standard CR,Standard,None,Straight,5.0,8.0,2.0,digital,spreadsheet,18.0,40.0
ross,FL-DL-0828,,"4"" W X 6"" H X 2"" G",MET PET,Gloss,None,Top,3 Side Seal,K Seal & Skirt Seal,Standard CR,Standard,None,Straight,4.0,6.0,2.0,digital,spreadsheet,14.0,24.0
ross,FL-DL-0818,,3.93702 x 6.88976,METPET,Gloss,None,Top,3 Side Seal,None,Standard CR,Standard,None,Straight,3.93702,6.88976,0.0,digital,spreadsheet,13.77952,27.1251229152
ross,FL-CQ-0789,,"4"" x 5.03"" x 2.36""",MET PET,Matte Laminate,None,Top,Stand Up,None,CR Zipper,Standard,None,Rounded,4.0,5.03,2.36,digital,spreadsheet,12.42,20.12
ross,FL-DL-0799,,"4.5"" x 6"" x 2"" (Calyx Standard Size)",MET PET,Matte Laminate,None,Top,Stand Up,None,CR Zipper,Standard,None,Rounded,4.5,6.0,2.0,digital,spreadsheet,14.0,27.0
ross,FL-DL-0793,,"3.25"" W x 5.626"" x 2""",Clear PET,Gloss,None,Top,Stand Up,None,No Zipper,Standard,None,Straight,3.25,5.626,2.0,digital,spreadsheet,13.252,18.2845
ross,FL-CQ-0771,,"5"" (w) x 7"" (h) x 2"" (g)",METPET,Gloss,Holographic Foil (reference image attached) (Foil over the logo (See attached for image)),Top,Stand Up,None,Standard CR,Standard,None,Straight,5.0,7.0,2.0,digital,spreadsheet,16.0,35.0
ross,FL-DL-0766,,"4.0"" (w) x 6.75"" (h) x 2"" (g)",METPET,Matte Laminate,Holographic Foil (artwork attached),Top,Stand Up,None,Standard CR,Standard,Round,Straight,4.0,6.75,2.0,digital,spreadsheet,15.5,27.0
ross,FL-DL-0763,,"4.5"" (w) x 6.5"" (h) x 2"" (g)",Clear PET,Gloss,"Holographic Foil (assume 50% coverage, I do not have artwork yet)",Top,Stand Up,None,Standard CR,Standard,None,Straight,4.5,6.5,2.0,digital,spreadsheet,15.0,29.25
ross,FL-DL-0762,,"4.5"" (w) x 6.5"" (h) x 2"" (g)",MET PET,Gloss,None,Top,Stand Up,None,CR Zipper,Standard,None,Rounded,4.5,6.5,2.0,digital,spreadsheet,15.0,29.25
